--
-- PostgreSQL database dump
--

-- Dumped from database version 15.2 (Debian 15.2-1.pgdg110+1)
-- Dumped by pg_dump version 15.2 (Debian 15.2-1.pgdg110+1)

SET statement_timeout = 0;
SET lock_timeout = 0;
SET idle_in_transaction_session_timeout = 0;
SET client_encoding = 'UTF8';
SET standard_conforming_strings = on;
SELECT pg_catalog.set_config('search_path', '', false);
SET check_function_bodies = false;
SET xmloption = content;
SET client_min_messages = warning;
SET row_security = off;

SET default_tablespace = '';

SET default_table_access_method = heap;

--
-- Name: auth_group; Type: TABLE; Schema: public; Owner: postgres
--

CREATE TABLE public.auth_group (
    id integer NOT NULL,
    name character varying(150) NOT NULL
);


ALTER TABLE public.auth_group OWNER TO postgres;

--
-- Name: auth_group_id_seq; Type: SEQUENCE; Schema: public; Owner: postgres
--

ALTER TABLE public.auth_group ALTER COLUMN id ADD GENERATED BY DEFAULT AS IDENTITY (
    SEQUENCE NAME public.auth_group_id_seq
    START WITH 1
    INCREMENT BY 1
    NO MINVALUE
    NO MAXVALUE
    CACHE 1
);


--
-- Name: auth_group_permissions; Type: TABLE; Schema: public; Owner: postgres
--

CREATE TABLE public.auth_group_permissions (
    id integer NOT NULL,
    group_id integer NOT NULL,
    permission_id integer NOT NULL
);


ALTER TABLE public.auth_group_permissions OWNER TO postgres;

--
-- Name: auth_group_permissions_id_seq; Type: SEQUENCE; Schema: public; Owner: postgres
--

ALTER TABLE public.auth_group_permissions ALTER COLUMN id ADD GENERATED BY DEFAULT AS IDENTITY (
    SEQUENCE NAME public.auth_group_permissions_id_seq
    START WITH 1
    INCREMENT BY 1
    NO MINVALUE
    NO MAXVALUE
    CACHE 1
);


--
-- Name: auth_permission; Type: TABLE; Schema: public; Owner: postgres
--

CREATE TABLE public.auth_permission (
    id integer NOT NULL,
    name character varying(255) NOT NULL,
    content_type_id integer NOT NULL,
    codename character varying(100) NOT NULL
);


ALTER TABLE public.auth_permission OWNER TO postgres;

--
-- Name: auth_permission_id_seq; Type: SEQUENCE; Schema: public; Owner: postgres
--

ALTER TABLE public.auth_permission ALTER COLUMN id ADD GENERATED BY DEFAULT AS IDENTITY (
    SEQUENCE NAME public.auth_permission_id_seq
    START WITH 1
    INCREMENT BY 1
    NO MINVALUE
    NO MAXVALUE
    CACHE 1
);


--
-- Name: auth_user; Type: TABLE; Schema: public; Owner: postgres
--

CREATE TABLE public.auth_user (
    id integer NOT NULL,
    password character varying(128) NOT NULL,
    last_login timestamp with time zone,
    is_superuser boolean NOT NULL,
    username character varying(150) NOT NULL,
    first_name character varying(150) NOT NULL,
    last_name character varying(150) NOT NULL,
    email character varying(254) NOT NULL,
    is_staff boolean NOT NULL,
    is_active boolean NOT NULL,
    date_joined timestamp with time zone NOT NULL
);


ALTER TABLE public.auth_user OWNER TO postgres;

--
-- Name: auth_user_groups; Type: TABLE; Schema: public; Owner: postgres
--

CREATE TABLE public.auth_user_groups (
    id integer NOT NULL,
    user_id integer NOT NULL,
    group_id integer NOT NULL
);


ALTER TABLE public.auth_user_groups OWNER TO postgres;

--
-- Name: auth_user_groups_id_seq; Type: SEQUENCE; Schema: public; Owner: postgres
--

ALTER TABLE public.auth_user_groups ALTER COLUMN id ADD GENERATED BY DEFAULT AS IDENTITY (
    SEQUENCE NAME public.auth_user_groups_id_seq
    START WITH 1
    INCREMENT BY 1
    NO MINVALUE
    NO MAXVALUE
    CACHE 1
);


--
-- Name: auth_user_id_seq; Type: SEQUENCE; Schema: public; Owner: postgres
--

ALTER TABLE public.auth_user ALTER COLUMN id ADD GENERATED BY DEFAULT AS IDENTITY (
    SEQUENCE NAME public.auth_user_id_seq
    START WITH 1
    INCREMENT BY 1
    NO MINVALUE
    NO MAXVALUE
    CACHE 1
);


--
-- Name: auth_user_user_permissions; Type: TABLE; Schema: public; Owner: postgres
--

CREATE TABLE public.auth_user_user_permissions (
    id integer NOT NULL,
    user_id integer NOT NULL,
    permission_id integer NOT NULL
);


ALTER TABLE public.auth_user_user_permissions OWNER TO postgres;

--
-- Name: auth_user_user_permissions_id_seq; Type: SEQUENCE; Schema: public; Owner: postgres
--

ALTER TABLE public.auth_user_user_permissions ALTER COLUMN id ADD GENERATED BY DEFAULT AS IDENTITY (
    SEQUENCE NAME public.auth_user_user_permissions_id_seq
    START WITH 1
    INCREMENT BY 1
    NO MINVALUE
    NO MAXVALUE
    CACHE 1
);


--
-- Name: cms_aliaspluginmodel; Type: TABLE; Schema: public; Owner: postgres
--

CREATE TABLE public.cms_aliaspluginmodel (
    cmsplugin_ptr_id integer NOT NULL,
    plugin_id integer,
    alias_placeholder_id integer
);


ALTER TABLE public.cms_aliaspluginmodel OWNER TO postgres;

--
-- Name: cms_cmsplugin; Type: TABLE; Schema: public; Owner: postgres
--

CREATE TABLE public.cms_cmsplugin (
    id integer NOT NULL,
    "position" smallint NOT NULL,
    language character varying(15) NOT NULL,
    plugin_type character varying(50) NOT NULL,
    creation_date timestamp with time zone NOT NULL,
    changed_date timestamp with time zone NOT NULL,
    parent_id integer,
    placeholder_id integer
);


ALTER TABLE public.cms_cmsplugin OWNER TO postgres;

--
-- Name: cms_cmsplugin_id_seq; Type: SEQUENCE; Schema: public; Owner: postgres
--

ALTER TABLE public.cms_cmsplugin ALTER COLUMN id ADD GENERATED BY DEFAULT AS IDENTITY (
    SEQUENCE NAME public.cms_cmsplugin_id_seq
    START WITH 1
    INCREMENT BY 1
    NO MINVALUE
    NO MAXVALUE
    CACHE 1
);


--
-- Name: cms_globalpagepermission; Type: TABLE; Schema: public; Owner: postgres
--

CREATE TABLE public.cms_globalpagepermission (
    id integer NOT NULL,
    can_change boolean NOT NULL,
    can_add boolean NOT NULL,
    can_delete boolean NOT NULL,
    can_change_advanced_settings boolean NOT NULL,
    can_publish boolean NOT NULL,
    can_change_permissions boolean NOT NULL,
    can_move_page boolean NOT NULL,
    can_view boolean NOT NULL,
    can_recover_page boolean NOT NULL,
    group_id integer,
    user_id integer
);


ALTER TABLE public.cms_globalpagepermission OWNER TO postgres;

--
-- Name: cms_globalpagepermission_id_seq; Type: SEQUENCE; Schema: public; Owner: postgres
--

ALTER TABLE public.cms_globalpagepermission ALTER COLUMN id ADD GENERATED BY DEFAULT AS IDENTITY (
    SEQUENCE NAME public.cms_globalpagepermission_id_seq
    START WITH 1
    INCREMENT BY 1
    NO MINVALUE
    NO MAXVALUE
    CACHE 1
);


--
-- Name: cms_globalpagepermission_sites; Type: TABLE; Schema: public; Owner: postgres
--

CREATE TABLE public.cms_globalpagepermission_sites (
    id integer NOT NULL,
    globalpagepermission_id integer NOT NULL,
    site_id integer NOT NULL
);


ALTER TABLE public.cms_globalpagepermission_sites OWNER TO postgres;

--
-- Name: cms_globalpagepermission_sites_id_seq; Type: SEQUENCE; Schema: public; Owner: postgres
--

ALTER TABLE public.cms_globalpagepermission_sites ALTER COLUMN id ADD GENERATED BY DEFAULT AS IDENTITY (
    SEQUENCE NAME public.cms_globalpagepermission_sites_id_seq
    START WITH 1
    INCREMENT BY 1
    NO MINVALUE
    NO MAXVALUE
    CACHE 1
);


--
-- Name: cms_page; Type: TABLE; Schema: public; Owner: postgres
--

CREATE TABLE public.cms_page (
    id integer NOT NULL,
    created_by character varying(255) NOT NULL,
    changed_by character varying(255) NOT NULL,
    creation_date timestamp with time zone NOT NULL,
    changed_date timestamp with time zone NOT NULL,
    reverse_id character varying(40),
    navigation_extenders character varying(80),
    login_required boolean NOT NULL,
    is_home boolean NOT NULL,
    application_urls character varying(200),
    application_namespace character varying(200),
    languages character varying(255),
    is_page_type boolean NOT NULL,
    node_id integer NOT NULL
);


ALTER TABLE public.cms_page OWNER TO postgres;

--
-- Name: cms_page_id_seq; Type: SEQUENCE; Schema: public; Owner: postgres
--

ALTER TABLE public.cms_page ALTER COLUMN id ADD GENERATED BY DEFAULT AS IDENTITY (
    SEQUENCE NAME public.cms_page_id_seq
    START WITH 1
    INCREMENT BY 1
    NO MINVALUE
    NO MAXVALUE
    CACHE 1
);


--
-- Name: cms_pagecontent; Type: TABLE; Schema: public; Owner: postgres
--

CREATE TABLE public.cms_pagecontent (
    id integer NOT NULL,
    language character varying(15) NOT NULL,
    title character varying(255) NOT NULL,
    page_title character varying(255),
    menu_title character varying(255),
    meta_description text,
    redirect character varying(2048),
    creation_date timestamp with time zone NOT NULL,
    page_id integer NOT NULL,
    changed_by character varying(255) NOT NULL,
    changed_date timestamp with time zone NOT NULL,
    created_by character varying(255) NOT NULL,
    in_navigation boolean NOT NULL,
    limit_visibility_in_menu smallint,
    template character varying(100) NOT NULL,
    xframe_options integer NOT NULL,
    soft_root boolean NOT NULL
);


ALTER TABLE public.cms_pagecontent OWNER TO postgres;

--
-- Name: cms_pagepermission; Type: TABLE; Schema: public; Owner: postgres
--

CREATE TABLE public.cms_pagepermission (
    id integer NOT NULL,
    can_change boolean NOT NULL,
    can_add boolean NOT NULL,
    can_delete boolean NOT NULL,
    can_change_advanced_settings boolean NOT NULL,
    can_publish boolean NOT NULL,
    can_change_permissions boolean NOT NULL,
    can_move_page boolean NOT NULL,
    can_view boolean NOT NULL,
    grant_on integer NOT NULL,
    group_id integer,
    page_id integer,
    user_id integer
);


ALTER TABLE public.cms_pagepermission OWNER TO postgres;

--
-- Name: cms_pagepermission_id_seq; Type: SEQUENCE; Schema: public; Owner: postgres
--

ALTER TABLE public.cms_pagepermission ALTER COLUMN id ADD GENERATED BY DEFAULT AS IDENTITY (
    SEQUENCE NAME public.cms_pagepermission_id_seq
    START WITH 1
    INCREMENT BY 1
    NO MINVALUE
    NO MAXVALUE
    CACHE 1
);


--
-- Name: cms_pageurl; Type: TABLE; Schema: public; Owner: postgres
--

CREATE TABLE public.cms_pageurl (
    id integer NOT NULL,
    slug character varying(255) NOT NULL,
    path character varying(255),
    language character varying(15) NOT NULL,
    managed boolean NOT NULL,
    page_id integer NOT NULL
);


ALTER TABLE public.cms_pageurl OWNER TO postgres;

--
-- Name: cms_pageurl_id_seq; Type: SEQUENCE; Schema: public; Owner: postgres
--

ALTER TABLE public.cms_pageurl ALTER COLUMN id ADD GENERATED BY DEFAULT AS IDENTITY (
    SEQUENCE NAME public.cms_pageurl_id_seq
    START WITH 1
    INCREMENT BY 1
    NO MINVALUE
    NO MAXVALUE
    CACHE 1
);


--
-- Name: cms_pageuser; Type: TABLE; Schema: public; Owner: postgres
--

CREATE TABLE public.cms_pageuser (
    user_ptr_id integer NOT NULL,
    created_by_id integer NOT NULL
);


ALTER TABLE public.cms_pageuser OWNER TO postgres;

--
-- Name: cms_pageusergroup; Type: TABLE; Schema: public; Owner: postgres
--

CREATE TABLE public.cms_pageusergroup (
    group_ptr_id integer NOT NULL,
    created_by_id integer NOT NULL
);


ALTER TABLE public.cms_pageusergroup OWNER TO postgres;

--
-- Name: cms_placeholder; Type: TABLE; Schema: public; Owner: postgres
--

CREATE TABLE public.cms_placeholder (
    id integer NOT NULL,
    slot character varying(255) NOT NULL,
    default_width smallint,
    content_type_id integer,
    object_id integer,
    CONSTRAINT cms_placeholder_default_width_check CHECK ((default_width >= 0)),
    CONSTRAINT cms_placeholder_object_id_check CHECK ((object_id >= 0))
);


ALTER TABLE public.cms_placeholder OWNER TO postgres;

--
-- Name: cms_placeholder_id_seq; Type: SEQUENCE; Schema: public; Owner: postgres
--

ALTER TABLE public.cms_placeholder ALTER COLUMN id ADD GENERATED BY DEFAULT AS IDENTITY (
    SEQUENCE NAME public.cms_placeholder_id_seq
    START WITH 1
    INCREMENT BY 1
    NO MINVALUE
    NO MAXVALUE
    CACHE 1
);


--
-- Name: cms_placeholderreference; Type: TABLE; Schema: public; Owner: postgres
--

CREATE TABLE public.cms_placeholderreference (
    cmsplugin_ptr_id integer NOT NULL,
    name character varying(255) NOT NULL,
    placeholder_ref_id integer
);


ALTER TABLE public.cms_placeholderreference OWNER TO postgres;

--
-- Name: cms_staticplaceholder; Type: TABLE; Schema: public; Owner: postgres
--

CREATE TABLE public.cms_staticplaceholder (
    id integer NOT NULL,
    name character varying(255) NOT NULL,
    code character varying(255) NOT NULL,
    dirty boolean NOT NULL,
    creation_method character varying(20) NOT NULL,
    draft_id integer,
    public_id integer,
    site_id integer
);


ALTER TABLE public.cms_staticplaceholder OWNER TO postgres;

--
-- Name: cms_staticplaceholder_id_seq; Type: SEQUENCE; Schema: public; Owner: postgres
--

ALTER TABLE public.cms_staticplaceholder ALTER COLUMN id ADD GENERATED BY DEFAULT AS IDENTITY (
    SEQUENCE NAME public.cms_staticplaceholder_id_seq
    START WITH 1
    INCREMENT BY 1
    NO MINVALUE
    NO MAXVALUE
    CACHE 1
);


--
-- Name: cms_title_id_seq; Type: SEQUENCE; Schema: public; Owner: postgres
--

ALTER TABLE public.cms_pagecontent ALTER COLUMN id ADD GENERATED BY DEFAULT AS IDENTITY (
    SEQUENCE NAME public.cms_title_id_seq
    START WITH 1
    INCREMENT BY 1
    NO MINVALUE
    NO MAXVALUE
    CACHE 1
);


--
-- Name: cms_treenode; Type: TABLE; Schema: public; Owner: postgres
--

CREATE TABLE public.cms_treenode (
    id integer NOT NULL,
    path character varying(255) NOT NULL,
    depth integer NOT NULL,
    numchild integer NOT NULL,
    parent_id integer,
    site_id integer NOT NULL,
    CONSTRAINT cms_treenode_depth_check CHECK ((depth >= 0)),
    CONSTRAINT cms_treenode_numchild_check CHECK ((numchild >= 0))
);


ALTER TABLE public.cms_treenode OWNER TO postgres;

--
-- Name: cms_treenode_id_seq; Type: SEQUENCE; Schema: public; Owner: postgres
--

ALTER TABLE public.cms_treenode ALTER COLUMN id ADD GENERATED BY DEFAULT AS IDENTITY (
    SEQUENCE NAME public.cms_treenode_id_seq
    START WITH 1
    INCREMENT BY 1
    NO MINVALUE
    NO MAXVALUE
    CACHE 1
);


--
-- Name: cms_urlconfrevision; Type: TABLE; Schema: public; Owner: postgres
--

CREATE TABLE public.cms_urlconfrevision (
    id integer NOT NULL,
    revision character varying(255) NOT NULL
);


ALTER TABLE public.cms_urlconfrevision OWNER TO postgres;

--
-- Name: cms_urlconfrevision_id_seq; Type: SEQUENCE; Schema: public; Owner: postgres
--

ALTER TABLE public.cms_urlconfrevision ALTER COLUMN id ADD GENERATED BY DEFAULT AS IDENTITY (
    SEQUENCE NAME public.cms_urlconfrevision_id_seq
    START WITH 1
    INCREMENT BY 1
    NO MINVALUE
    NO MAXVALUE
    CACHE 1
);


--
-- Name: cms_usersettings; Type: TABLE; Schema: public; Owner: postgres
--

CREATE TABLE public.cms_usersettings (
    id integer NOT NULL,
    language character varying(10) NOT NULL,
    clipboard_id integer,
    user_id integer NOT NULL
);


ALTER TABLE public.cms_usersettings OWNER TO postgres;

--
-- Name: cms_usersettings_id_seq; Type: SEQUENCE; Schema: public; Owner: postgres
--

ALTER TABLE public.cms_usersettings ALTER COLUMN id ADD GENERATED BY DEFAULT AS IDENTITY (
    SEQUENCE NAME public.cms_usersettings_id_seq
    START WITH 1
    INCREMENT BY 1
    NO MINVALUE
    NO MAXVALUE
    CACHE 1
);


--
-- Name: django_admin_log; Type: TABLE; Schema: public; Owner: postgres
--

CREATE TABLE public.django_admin_log (
    id integer NOT NULL,
    action_time timestamp with time zone NOT NULL,
    object_id text,
    object_repr character varying(200) NOT NULL,
    action_flag smallint NOT NULL,
    change_message text NOT NULL,
    content_type_id integer,
    user_id integer NOT NULL,
    CONSTRAINT django_admin_log_action_flag_check CHECK ((action_flag >= 0))
);


ALTER TABLE public.django_admin_log OWNER TO postgres;

--
-- Name: django_admin_log_id_seq; Type: SEQUENCE; Schema: public; Owner: postgres
--

ALTER TABLE public.django_admin_log ALTER COLUMN id ADD GENERATED BY DEFAULT AS IDENTITY (
    SEQUENCE NAME public.django_admin_log_id_seq
    START WITH 1
    INCREMENT BY 1
    NO MINVALUE
    NO MAXVALUE
    CACHE 1
);


--
-- Name: django_content_type; Type: TABLE; Schema: public; Owner: postgres
--

CREATE TABLE public.django_content_type (
    id integer NOT NULL,
    app_label character varying(100) NOT NULL,
    model character varying(100) NOT NULL
);


ALTER TABLE public.django_content_type OWNER TO postgres;

--
-- Name: django_content_type_id_seq; Type: SEQUENCE; Schema: public; Owner: postgres
--

ALTER TABLE public.django_content_type ALTER COLUMN id ADD GENERATED BY DEFAULT AS IDENTITY (
    SEQUENCE NAME public.django_content_type_id_seq
    START WITH 1
    INCREMENT BY 1
    NO MINVALUE
    NO MAXVALUE
    CACHE 1
);


--
-- Name: django_migrations; Type: TABLE; Schema: public; Owner: postgres
--

CREATE TABLE public.django_migrations (
    id integer NOT NULL,
    app character varying(255) NOT NULL,
    name character varying(255) NOT NULL,
    applied timestamp with time zone NOT NULL
);


ALTER TABLE public.django_migrations OWNER TO postgres;

--
-- Name: django_migrations_id_seq; Type: SEQUENCE; Schema: public; Owner: postgres
--

ALTER TABLE public.django_migrations ALTER COLUMN id ADD GENERATED BY DEFAULT AS IDENTITY (
    SEQUENCE NAME public.django_migrations_id_seq
    START WITH 1
    INCREMENT BY 1
    NO MINVALUE
    NO MAXVALUE
    CACHE 1
);


--
-- Name: django_session; Type: TABLE; Schema: public; Owner: postgres
--

CREATE TABLE public.django_session (
    session_key character varying(40) NOT NULL,
    session_data text NOT NULL,
    expire_date timestamp with time zone NOT NULL
);


ALTER TABLE public.django_session OWNER TO postgres;

--
-- Name: django_site; Type: TABLE; Schema: public; Owner: postgres
--

CREATE TABLE public.django_site (
    id integer NOT NULL,
    domain character varying(100) NOT NULL,
    name character varying(50) NOT NULL
);


ALTER TABLE public.django_site OWNER TO postgres;

--
-- Name: django_site_id_seq; Type: SEQUENCE; Schema: public; Owner: postgres
--

ALTER TABLE public.django_site ALTER COLUMN id ADD GENERATED BY DEFAULT AS IDENTITY (
    SEQUENCE NAME public.django_site_id_seq
    START WITH 1
    INCREMENT BY 1
    NO MINVALUE
    NO MAXVALUE
    CACHE 1
);


--
-- Name: djangocms_alias_alias; Type: TABLE; Schema: public; Owner: postgres
--

CREATE TABLE public.djangocms_alias_alias (
    id integer NOT NULL,
    "position" integer NOT NULL,
    category_id integer NOT NULL,
    creation_method character varying(20) NOT NULL,
    site_id integer,
    static_code character varying(255),
    CONSTRAINT djangocms_alias_alias_position_check CHECK (("position" >= 0))
);


ALTER TABLE public.djangocms_alias_alias OWNER TO postgres;

--
-- Name: djangocms_alias_alias_id_seq; Type: SEQUENCE; Schema: public; Owner: postgres
--

ALTER TABLE public.djangocms_alias_alias ALTER COLUMN id ADD GENERATED BY DEFAULT AS IDENTITY (
    SEQUENCE NAME public.djangocms_alias_alias_id_seq
    START WITH 1
    INCREMENT BY 1
    NO MINVALUE
    NO MAXVALUE
    CACHE 1
);


--
-- Name: djangocms_alias_aliascontent; Type: TABLE; Schema: public; Owner: postgres
--

CREATE TABLE public.djangocms_alias_aliascontent (
    id integer NOT NULL,
    name character varying(120) NOT NULL,
    language character varying(10) NOT NULL,
    alias_id integer NOT NULL
);


ALTER TABLE public.djangocms_alias_aliascontent OWNER TO postgres;

--
-- Name: djangocms_alias_aliascontent_id_seq; Type: SEQUENCE; Schema: public; Owner: postgres
--

ALTER TABLE public.djangocms_alias_aliascontent ALTER COLUMN id ADD GENERATED BY DEFAULT AS IDENTITY (
    SEQUENCE NAME public.djangocms_alias_aliascontent_id_seq
    START WITH 1
    INCREMENT BY 1
    NO MINVALUE
    NO MAXVALUE
    CACHE 1
);


--
-- Name: djangocms_alias_aliasplugin; Type: TABLE; Schema: public; Owner: postgres
--

CREATE TABLE public.djangocms_alias_aliasplugin (
    cmsplugin_ptr_id integer NOT NULL,
    template character varying(255) NOT NULL,
    alias_id integer NOT NULL
);


ALTER TABLE public.djangocms_alias_aliasplugin OWNER TO postgres;

--
-- Name: djangocms_alias_category; Type: TABLE; Schema: public; Owner: postgres
--

CREATE TABLE public.djangocms_alias_category (
    id integer NOT NULL
);


ALTER TABLE public.djangocms_alias_category OWNER TO postgres;

--
-- Name: djangocms_alias_category_id_seq; Type: SEQUENCE; Schema: public; Owner: postgres
--

ALTER TABLE public.djangocms_alias_category ALTER COLUMN id ADD GENERATED BY DEFAULT AS IDENTITY (
    SEQUENCE NAME public.djangocms_alias_category_id_seq
    START WITH 1
    INCREMENT BY 1
    NO MINVALUE
    NO MAXVALUE
    CACHE 1
);


--
-- Name: djangocms_alias_category_translation; Type: TABLE; Schema: public; Owner: postgres
--

CREATE TABLE public.djangocms_alias_category_translation (
    id integer NOT NULL,
    language_code character varying(15) NOT NULL,
    name character varying(120) NOT NULL,
    master_id integer
);


ALTER TABLE public.djangocms_alias_category_translation OWNER TO postgres;

--
-- Name: djangocms_alias_category_translation_id_seq; Type: SEQUENCE; Schema: public; Owner: postgres
--

ALTER TABLE public.djangocms_alias_category_translation ALTER COLUMN id ADD GENERATED BY DEFAULT AS IDENTITY (
    SEQUENCE NAME public.djangocms_alias_category_translation_id_seq
    START WITH 1
    INCREMENT BY 1
    NO MINVALUE
    NO MAXVALUE
    CACHE 1
);


--
-- Name: djangocms_frontend_frontenduiitem; Type: TABLE; Schema: public; Owner: postgres
--

CREATE TABLE public.djangocms_frontend_frontenduiitem (
    cmsplugin_ptr_id integer NOT NULL,
    ui_item character varying(30) NOT NULL,
    tag_type character varying(255) NOT NULL,
    config jsonb NOT NULL
);


ALTER TABLE public.djangocms_frontend_frontenduiitem OWNER TO postgres;

--
-- Name: djangocms_text_ckeditor_text; Type: TABLE; Schema: public; Owner: postgres
--

CREATE TABLE public.djangocms_text_ckeditor_text (
    cmsplugin_ptr_id integer NOT NULL,
    body text NOT NULL
);


ALTER TABLE public.djangocms_text_ckeditor_text OWNER TO postgres;

--
-- Name: djangocms_versioning_statetracking; Type: TABLE; Schema: public; Owner: postgres
--

CREATE TABLE public.djangocms_versioning_statetracking (
    id integer NOT NULL,
    date timestamp with time zone NOT NULL,
    old_state character varying(100) NOT NULL,
    new_state character varying(100) NOT NULL,
    user_id integer NOT NULL,
    version_id integer NOT NULL
);


ALTER TABLE public.djangocms_versioning_statetracking OWNER TO postgres;

--
-- Name: djangocms_versioning_statetracking_id_seq; Type: SEQUENCE; Schema: public; Owner: postgres
--

ALTER TABLE public.djangocms_versioning_statetracking ALTER COLUMN id ADD GENERATED BY DEFAULT AS IDENTITY (
    SEQUENCE NAME public.djangocms_versioning_statetracking_id_seq
    START WITH 1
    INCREMENT BY 1
    NO MINVALUE
    NO MAXVALUE
    CACHE 1
);


--
-- Name: djangocms_versioning_version; Type: TABLE; Schema: public; Owner: postgres
--

CREATE TABLE public.djangocms_versioning_version (
    id integer NOT NULL,
    created timestamp with time zone NOT NULL,
    object_id integer NOT NULL,
    content_type_id integer NOT NULL,
    state character varying(50) NOT NULL,
    created_by_id integer NOT NULL,
    number character varying(11) NOT NULL,
    source_id integer,
    modified timestamp with time zone NOT NULL,
    locked_by_id integer,
    CONSTRAINT djangocms_versioning_version_object_id_check CHECK ((object_id >= 0))
);


ALTER TABLE public.djangocms_versioning_version OWNER TO postgres;

--
-- Name: djangocms_versioning_version_id_seq; Type: SEQUENCE; Schema: public; Owner: postgres
--

ALTER TABLE public.djangocms_versioning_version ALTER COLUMN id ADD GENERATED BY DEFAULT AS IDENTITY (
    SEQUENCE NAME public.djangocms_versioning_version_id_seq
    START WITH 1
    INCREMENT BY 1
    NO MINVALUE
    NO MAXVALUE
    CACHE 1
);


--
-- Name: easy_thumbnails_source; Type: TABLE; Schema: public; Owner: postgres
--

CREATE TABLE public.easy_thumbnails_source (
    id integer NOT NULL,
    storage_hash character varying(40) NOT NULL,
    name character varying(255) NOT NULL,
    modified timestamp with time zone NOT NULL
);


ALTER TABLE public.easy_thumbnails_source OWNER TO postgres;

--
-- Name: easy_thumbnails_source_id_seq; Type: SEQUENCE; Schema: public; Owner: postgres
--

ALTER TABLE public.easy_thumbnails_source ALTER COLUMN id ADD GENERATED BY DEFAULT AS IDENTITY (
    SEQUENCE NAME public.easy_thumbnails_source_id_seq
    START WITH 1
    INCREMENT BY 1
    NO MINVALUE
    NO MAXVALUE
    CACHE 1
);


--
-- Name: easy_thumbnails_thumbnail; Type: TABLE; Schema: public; Owner: postgres
--

CREATE TABLE public.easy_thumbnails_thumbnail (
    id integer NOT NULL,
    storage_hash character varying(40) NOT NULL,
    name character varying(255) NOT NULL,
    modified timestamp with time zone NOT NULL,
    source_id integer NOT NULL
);


ALTER TABLE public.easy_thumbnails_thumbnail OWNER TO postgres;

--
-- Name: easy_thumbnails_thumbnail_id_seq; Type: SEQUENCE; Schema: public; Owner: postgres
--

ALTER TABLE public.easy_thumbnails_thumbnail ALTER COLUMN id ADD GENERATED BY DEFAULT AS IDENTITY (
    SEQUENCE NAME public.easy_thumbnails_thumbnail_id_seq
    START WITH 1
    INCREMENT BY 1
    NO MINVALUE
    NO MAXVALUE
    CACHE 1
);


--
-- Name: easy_thumbnails_thumbnaildimensions; Type: TABLE; Schema: public; Owner: postgres
--

CREATE TABLE public.easy_thumbnails_thumbnaildimensions (
    id integer NOT NULL,
    thumbnail_id integer NOT NULL,
    width integer,
    height integer,
    CONSTRAINT easy_thumbnails_thumbnaildimensions_height_check CHECK ((height >= 0)),
    CONSTRAINT easy_thumbnails_thumbnaildimensions_width_check CHECK ((width >= 0))
);


ALTER TABLE public.easy_thumbnails_thumbnaildimensions OWNER TO postgres;

--
-- Name: easy_thumbnails_thumbnaildimensions_id_seq; Type: SEQUENCE; Schema: public; Owner: postgres
--

ALTER TABLE public.easy_thumbnails_thumbnaildimensions ALTER COLUMN id ADD GENERATED BY DEFAULT AS IDENTITY (
    SEQUENCE NAME public.easy_thumbnails_thumbnaildimensions_id_seq
    START WITH 1
    INCREMENT BY 1
    NO MINVALUE
    NO MAXVALUE
    CACHE 1
);


--
-- Name: filer_clipboard; Type: TABLE; Schema: public; Owner: postgres
--

CREATE TABLE public.filer_clipboard (
    id integer NOT NULL,
    user_id integer NOT NULL
);


ALTER TABLE public.filer_clipboard OWNER TO postgres;

--
-- Name: filer_clipboard_id_seq; Type: SEQUENCE; Schema: public; Owner: postgres
--

ALTER TABLE public.filer_clipboard ALTER COLUMN id ADD GENERATED BY DEFAULT AS IDENTITY (
    SEQUENCE NAME public.filer_clipboard_id_seq
    START WITH 1
    INCREMENT BY 1
    NO MINVALUE
    NO MAXVALUE
    CACHE 1
);


--
-- Name: filer_clipboarditem; Type: TABLE; Schema: public; Owner: postgres
--

CREATE TABLE public.filer_clipboarditem (
    id integer NOT NULL,
    clipboard_id integer NOT NULL,
    file_id integer NOT NULL
);


ALTER TABLE public.filer_clipboarditem OWNER TO postgres;

--
-- Name: filer_clipboarditem_id_seq; Type: SEQUENCE; Schema: public; Owner: postgres
--

ALTER TABLE public.filer_clipboarditem ALTER COLUMN id ADD GENERATED BY DEFAULT AS IDENTITY (
    SEQUENCE NAME public.filer_clipboarditem_id_seq
    START WITH 1
    INCREMENT BY 1
    NO MINVALUE
    NO MAXVALUE
    CACHE 1
);


--
-- Name: filer_file; Type: TABLE; Schema: public; Owner: postgres
--

CREATE TABLE public.filer_file (
    id integer NOT NULL,
    file character varying(255),
    _file_size bigint,
    sha1 character varying(40) NOT NULL,
    has_all_mandatory_data boolean NOT NULL,
    original_filename character varying(255),
    name character varying(255) NOT NULL,
    description text,
    uploaded_at timestamp with time zone NOT NULL,
    modified_at timestamp with time zone NOT NULL,
    is_public boolean NOT NULL,
    folder_id integer,
    owner_id integer,
    polymorphic_ctype_id integer,
    mime_type character varying(255) NOT NULL
);


ALTER TABLE public.filer_file OWNER TO postgres;

--
-- Name: filer_file_id_seq; Type: SEQUENCE; Schema: public; Owner: postgres
--

ALTER TABLE public.filer_file ALTER COLUMN id ADD GENERATED BY DEFAULT AS IDENTITY (
    SEQUENCE NAME public.filer_file_id_seq
    START WITH 1
    INCREMENT BY 1
    NO MINVALUE
    NO MAXVALUE
    CACHE 1
);


--
-- Name: filer_folder; Type: TABLE; Schema: public; Owner: postgres
--

CREATE TABLE public.filer_folder (
    id integer NOT NULL,
    name character varying(255) NOT NULL,
    uploaded_at timestamp with time zone NOT NULL,
    created_at timestamp with time zone NOT NULL,
    modified_at timestamp with time zone NOT NULL,
    owner_id integer,
    parent_id integer
);


ALTER TABLE public.filer_folder OWNER TO postgres;

--
-- Name: filer_folder_id_seq; Type: SEQUENCE; Schema: public; Owner: postgres
--

ALTER TABLE public.filer_folder ALTER COLUMN id ADD GENERATED BY DEFAULT AS IDENTITY (
    SEQUENCE NAME public.filer_folder_id_seq
    START WITH 1
    INCREMENT BY 1
    NO MINVALUE
    NO MAXVALUE
    CACHE 1
);


--
-- Name: filer_folderpermission; Type: TABLE; Schema: public; Owner: postgres
--

CREATE TABLE public.filer_folderpermission (
    id integer NOT NULL,
    type smallint NOT NULL,
    everybody boolean NOT NULL,
    can_edit smallint,
    can_read smallint,
    can_add_children smallint,
    folder_id integer,
    group_id integer,
    user_id integer
);


ALTER TABLE public.filer_folderpermission OWNER TO postgres;

--
-- Name: filer_folderpermission_id_seq; Type: SEQUENCE; Schema: public; Owner: postgres
--

ALTER TABLE public.filer_folderpermission ALTER COLUMN id ADD GENERATED BY DEFAULT AS IDENTITY (
    SEQUENCE NAME public.filer_folderpermission_id_seq
    START WITH 1
    INCREMENT BY 1
    NO MINVALUE
    NO MAXVALUE
    CACHE 1
);


--
-- Name: filer_image; Type: TABLE; Schema: public; Owner: postgres
--

CREATE TABLE public.filer_image (
    file_ptr_id integer NOT NULL,
    _height double precision,
    _width double precision,
    date_taken timestamp with time zone,
    default_alt_text character varying(255),
    default_caption character varying(255),
    author character varying(255),
    must_always_publish_author_credit boolean NOT NULL,
    must_always_publish_copyright boolean NOT NULL,
    subject_location character varying(64) NOT NULL,
    _transparent boolean NOT NULL
);


ALTER TABLE public.filer_image OWNER TO postgres;

--
-- Name: filer_thumbnailoption; Type: TABLE; Schema: public; Owner: postgres
--

CREATE TABLE public.filer_thumbnailoption (
    id integer NOT NULL,
    name character varying(100) NOT NULL,
    width integer NOT NULL,
    height integer NOT NULL,
    crop boolean NOT NULL,
    upscale boolean NOT NULL
);


ALTER TABLE public.filer_thumbnailoption OWNER TO postgres;

--
-- Name: filer_thumbnailoption_id_seq; Type: SEQUENCE; Schema: public; Owner: postgres
--

ALTER TABLE public.filer_thumbnailoption ALTER COLUMN id ADD GENERATED BY DEFAULT AS IDENTITY (
    SEQUENCE NAME public.filer_thumbnailoption_id_seq
    START WITH 1
    INCREMENT BY 1
    NO MINVALUE
    NO MAXVALUE
    CACHE 1
);


--
-- Name: menus_cachekey; Type: TABLE; Schema: public; Owner: postgres
--

CREATE TABLE public.menus_cachekey (
    id integer NOT NULL,
    language character varying(255) NOT NULL,
    site integer NOT NULL,
    key character varying(255) NOT NULL,
    CONSTRAINT menus_cachekey_site_check CHECK ((site >= 0))
);


ALTER TABLE public.menus_cachekey OWNER TO postgres;

--
-- Name: menus_cachekey_id_seq; Type: SEQUENCE; Schema: public; Owner: postgres
--

ALTER TABLE public.menus_cachekey ALTER COLUMN id ADD GENERATED BY DEFAULT AS IDENTITY (
    SEQUENCE NAME public.menus_cachekey_id_seq
    START WITH 1
    INCREMENT BY 1
    NO MINVALUE
    NO MAXVALUE
    CACHE 1
);


--
-- Name: portfolio_project; Type: TABLE; Schema: public; Owner: postgres
--

CREATE TABLE public.portfolio_project (
    id bigint NOT NULL,
    name character varying(255) NOT NULL,
    img_background character varying(100) NOT NULL,
    publication boolean NOT NULL,
    date_creation timestamp with time zone NOT NULL,
    date_changes timestamp with time zone NOT NULL,
    slug character varying(255) NOT NULL
);


ALTER TABLE public.portfolio_project OWNER TO postgres;

--
-- Name: portfolio_project_id_seq; Type: SEQUENCE; Schema: public; Owner: postgres
--

ALTER TABLE public.portfolio_project ALTER COLUMN id ADD GENERATED BY DEFAULT AS IDENTITY (
    SEQUENCE NAME public.portfolio_project_id_seq
    START WITH 1
    INCREMENT BY 1
    NO MINVALUE
    NO MAXVALUE
    CACHE 1
);


--
-- Name: portfolio_tag; Type: TABLE; Schema: public; Owner: postgres
--

CREATE TABLE public.portfolio_tag (
    id bigint NOT NULL,
    date_creation timestamp with time zone NOT NULL,
    date_changes timestamp with time zone NOT NULL,
    project_id bigint NOT NULL,
    tag_id bigint NOT NULL
);


ALTER TABLE public.portfolio_tag OWNER TO postgres;

--
-- Name: portfolio_tag_id_seq; Type: SEQUENCE; Schema: public; Owner: postgres
--

ALTER TABLE public.portfolio_tag ALTER COLUMN id ADD GENERATED BY DEFAULT AS IDENTITY (
    SEQUENCE NAME public.portfolio_tag_id_seq
    START WITH 1
    INCREMENT BY 1
    NO MINVALUE
    NO MAXVALUE
    CACHE 1
);


--
-- Name: portfolio_tagname; Type: TABLE; Schema: public; Owner: postgres
--

CREATE TABLE public.portfolio_tagname (
    id bigint NOT NULL,
    name character varying(50) NOT NULL,
    date_creation timestamp with time zone NOT NULL,
    date_changes timestamp with time zone NOT NULL,
    slug character varying(255) NOT NULL
);


ALTER TABLE public.portfolio_tagname OWNER TO postgres;

--
-- Name: portfolio_tagname_id_seq; Type: SEQUENCE; Schema: public; Owner: postgres
--

ALTER TABLE public.portfolio_tagname ALTER COLUMN id ADD GENERATED BY DEFAULT AS IDENTITY (
    SEQUENCE NAME public.portfolio_tagname_id_seq
    START WITH 1
    INCREMENT BY 1
    NO MINVALUE
    NO MAXVALUE
    CACHE 1
);


--
-- Data for Name: auth_group; Type: TABLE DATA; Schema: public; Owner: postgres
--

COPY public.auth_group (id, name) FROM stdin;
\.


--
-- Data for Name: auth_group_permissions; Type: TABLE DATA; Schema: public; Owner: postgres
--

COPY public.auth_group_permissions (id, group_id, permission_id) FROM stdin;
\.


--
-- Data for Name: auth_permission; Type: TABLE DATA; Schema: public; Owner: postgres
--

COPY public.auth_permission (id, name, content_type_id, codename) FROM stdin;
1	Can use Structure mode	1	use_structure
2	Can change page	2	change_page
3	Can add log entry	11	add_logentry
4	Can change log entry	11	change_logentry
5	Can delete log entry	11	delete_logentry
6	Can view log entry	11	view_logentry
7	Can add permission	12	add_permission
8	Can change permission	12	change_permission
9	Can delete permission	12	delete_permission
10	Can view permission	12	view_permission
11	Can add group	13	add_group
12	Can change group	13	change_group
13	Can delete group	13	delete_group
14	Can view group	13	view_group
15	Can add user	14	add_user
16	Can change user	14	change_user
17	Can delete user	14	delete_user
18	Can view user	14	view_user
19	Can add content type	15	add_contenttype
20	Can change content type	15	change_contenttype
21	Can delete content type	15	delete_contenttype
22	Can view content type	15	view_contenttype
23	Can add session	16	add_session
24	Can change session	16	change_session
25	Can delete session	16	delete_session
26	Can view session	16	view_session
27	Can add site	17	add_site
28	Can change site	17	change_site
29	Can delete site	17	delete_site
30	Can view site	17	view_site
31	Can add cms plugin	18	add_cmsplugin
32	Can change cms plugin	18	change_cmsplugin
33	Can delete cms plugin	18	delete_cmsplugin
34	Can view cms plugin	18	view_cmsplugin
35	Can add alias plugin model	19	add_aliaspluginmodel
36	Can change alias plugin model	19	change_aliaspluginmodel
37	Can delete alias plugin model	19	delete_aliaspluginmodel
38	Can view alias plugin model	19	view_aliaspluginmodel
39	Can add Page global permission	20	add_globalpagepermission
40	Can change Page global permission	20	change_globalpagepermission
41	Can delete Page global permission	20	delete_globalpagepermission
42	Can view Page global permission	20	view_globalpagepermission
43	Can add page	2	add_page
44	Can delete page	2	delete_page
45	Can view page	2	view_page
46	Can publish page	2	publish_page
47	Can edit static placeholders	2	edit_static_placeholder
48	Can add Page permission	21	add_pagepermission
49	Can change Page permission	21	change_pagepermission
50	Can delete Page permission	21	delete_pagepermission
51	Can view Page permission	21	view_pagepermission
52	Can add User (page)	22	add_pageuser
53	Can change User (page)	22	change_pageuser
54	Can delete User (page)	22	delete_pageuser
55	Can view User (page)	22	view_pageuser
56	Can add User group (page)	23	add_pageusergroup
57	Can change User group (page)	23	change_pageusergroup
58	Can delete User group (page)	23	delete_pageusergroup
59	Can view User group (page)	23	view_pageusergroup
60	Can add placeholder reference	24	add_placeholderreference
61	Can change placeholder reference	24	change_placeholderreference
62	Can delete placeholder reference	24	delete_placeholderreference
63	Can view placeholder reference	24	view_placeholderreference
64	Can add static placeholder	8	add_staticplaceholder
65	Can change static placeholder	8	change_staticplaceholder
66	Can delete static placeholder	8	delete_staticplaceholder
67	Can view static placeholder	8	view_staticplaceholder
68	Can add user setting	9	add_usersettings
69	Can change user setting	9	change_usersettings
70	Can delete user setting	9	delete_usersettings
71	Can view user setting	9	view_usersettings
72	Can add urlconf revision	25	add_urlconfrevision
73	Can change urlconf revision	25	change_urlconfrevision
74	Can delete urlconf revision	25	delete_urlconfrevision
75	Can view urlconf revision	25	view_urlconfrevision
76	Can add cache key	28	add_cachekey
77	Can change cache key	28	change_cachekey
78	Can delete cache key	28	delete_cachekey
79	Can view cache key	28	view_cachekey
80	Can add text	29	add_text
81	Can change text	29	change_text
82	Can delete text	29	delete_text
83	Can view text	29	view_text
84	Can add alias	30	add_alias
85	Can change alias	30	change_alias
86	Can delete alias	30	delete_alias
87	Can view alias	30	view_alias
88	Can add alias content	31	add_aliascontent
89	Can change alias content	31	change_aliascontent
90	Can delete alias content	31	delete_aliascontent
91	Can view alias content	31	view_aliascontent
92	Can add alias plugin model	32	add_aliasplugin
93	Can change alias plugin model	32	change_aliasplugin
94	Can delete alias plugin model	32	delete_aliasplugin
95	Can view alias plugin model	32	view_aliasplugin
96	Can add category	33	add_category
97	Can change category	33	change_category
98	Can delete category	33	delete_category
99	Can view category	33	view_category
100	Can add version	35	add_version
101	Can change version	35	change_version
102	Can delete version	35	delete_version
103	Can view version	35	view_version
104	Can unlock verision	35	delete_versionlock
105	Can add state tracking	36	add_statetracking
106	Can change state tracking	36	change_statetracking
107	Can delete state tracking	36	delete_statetracking
108	Can view state tracking	36	view_statetracking
109	Can add alias content version	37	add_aliascontentversion
110	Can change alias content version	37	change_aliascontentversion
111	Can delete alias content version	37	delete_aliascontentversion
112	Can view alias content version	37	view_aliascontentversion
113	Can add page content version	38	add_pagecontentversion
114	Can change page content version	38	change_pagecontentversion
115	Can delete page content version	38	delete_pagecontentversion
116	Can view page content version	38	view_pagecontentversion
117	Can add clipboard	39	add_clipboard
118	Can change clipboard	39	change_clipboard
119	Can delete clipboard	39	delete_clipboard
120	Can view clipboard	39	view_clipboard
121	Can add clipboard item	40	add_clipboarditem
122	Can change clipboard item	40	change_clipboarditem
123	Can delete clipboard item	40	delete_clipboarditem
124	Can view clipboard item	40	view_clipboarditem
125	Can add file	41	add_file
126	Can change file	41	change_file
127	Can delete file	41	delete_file
128	Can view file	41	view_file
129	Can add Folder	42	add_folder
130	Can change Folder	42	change_folder
131	Can delete Folder	42	delete_folder
132	Can view Folder	42	view_folder
133	Can use directory listing	42	can_use_directory_listing
134	Can add folder permission	43	add_folderpermission
135	Can change folder permission	43	change_folderpermission
136	Can delete folder permission	43	delete_folderpermission
137	Can view folder permission	43	view_folderpermission
138	Can add image	44	add_image
139	Can change image	44	change_image
140	Can delete image	44	delete_image
141	Can view image	44	view_image
142	Can add thumbnail option	45	add_thumbnailoption
143	Can change thumbnail option	45	change_thumbnailoption
144	Can delete thumbnail option	45	delete_thumbnailoption
145	Can view thumbnail option	45	view_thumbnailoption
146	Can add source	46	add_source
147	Can change source	46	change_source
148	Can delete source	46	delete_source
149	Can view source	46	view_source
150	Can add thumbnail	47	add_thumbnail
151	Can change thumbnail	47	change_thumbnail
152	Can delete thumbnail	47	delete_thumbnail
153	Can view thumbnail	47	view_thumbnail
154	Can add thumbnail dimensions	48	add_thumbnaildimensions
155	Can change thumbnail dimensions	48	change_thumbnaildimensions
156	Can delete thumbnail dimensions	48	delete_thumbnaildimensions
157	Can view thumbnail dimensions	48	view_thumbnaildimensions
158	Can add UI item	3	add_frontenduiitem
159	Can change UI item	3	change_frontenduiitem
160	Can delete UI item	3	delete_frontenduiitem
161	Can view UI item	3	view_frontenduiitem
162	Can add Accordion	4	add_accordion
163	Can change Accordion	4	change_accordion
164	Can delete Accordion	4	delete_accordion
165	Can view Accordion	4	view_accordion
166	Can add Accordion item	5	add_accordionitem
167	Can change Accordion item	5	change_accordionitem
168	Can delete Accordion item	5	delete_accordionitem
169	Can view Accordion item	5	view_accordionitem
170	Can add Alert	6	add_alert
171	Can change Alert	6	change_alert
172	Can delete Alert	6	delete_alert
173	Can view Alert	6	view_alert
174	Can add Badge	49	add_badge
175	Can change Badge	49	change_badge
176	Can delete Badge	49	delete_badge
177	Can view Badge	49	view_badge
178	Can add Card	50	add_card
179	Can change Card	50	change_card
180	Can delete Card	50	delete_card
181	Can view Card	50	view_card
182	Can add Card inner	51	add_cardinner
183	Can change Card inner	51	change_cardinner
184	Can delete Card inner	51	delete_cardinner
185	Can view Card inner	51	view_cardinner
186	Can add Card layout	52	add_cardlayout
187	Can change Card layout	52	change_cardlayout
188	Can delete Card layout	52	delete_cardlayout
189	Can view Card layout	52	view_cardlayout
190	Can add Carousel	53	add_carousel
191	Can change Carousel	53	change_carousel
192	Can delete Carousel	53	delete_carousel
193	Can view Carousel	53	view_carousel
194	Can add Carousel slide	54	add_carouselslide
195	Can change Carousel slide	54	change_carouselslide
196	Can delete Carousel slide	54	delete_carouselslide
197	Can view Carousel slide	54	view_carouselslide
198	Can add Collapse	55	add_collapse
199	Can change Collapse	55	change_collapse
200	Can delete Collapse	55	delete_collapse
201	Can view Collapse	55	view_collapse
202	Can add Collapse container	56	add_collapsecontainer
203	Can change Collapse container	56	change_collapsecontainer
204	Can delete Collapse container	56	delete_collapsecontainer
205	Can view Collapse container	56	view_collapsecontainer
206	Can add Collapse trigger	57	add_collapsetrigger
207	Can change Collapse trigger	57	change_collapsetrigger
208	Can delete Collapse trigger	57	delete_collapsetrigger
209	Can view Collapse trigger	57	view_collapsetrigger
210	Can add Blockquote	58	add_blockquote
211	Can change Blockquote	58	change_blockquote
212	Can delete Blockquote	58	delete_blockquote
213	Can view Blockquote	58	view_blockquote
214	Can add Code block	59	add_codeblock
215	Can change Code block	59	change_codeblock
216	Can delete Code block	59	delete_codeblock
217	Can view Code block	59	view_codeblock
218	Can add Figure	60	add_figure
219	Can change Figure	60	change_figure
220	Can delete Figure	60	delete_figure
221	Can view Figure	60	view_figure
222	Can add Column	61	add_gridcolumn
223	Can change Column	61	change_gridcolumn
224	Can delete Column	61	delete_gridcolumn
225	Can view Column	61	view_gridcolumn
226	Can add Container	62	add_gridcontainer
227	Can change Container	62	change_gridcontainer
228	Can delete Container	62	delete_gridcontainer
229	Can view Container	62	view_gridcontainer
230	Can add Row	63	add_gridrow
231	Can change Row	63	change_gridrow
232	Can delete Row	63	delete_gridrow
233	Can view Row	63	view_gridrow
234	Can add Icon	64	add_icon
235	Can change Icon	64	change_icon
236	Can delete Icon	64	delete_icon
237	Can view Icon	64	view_icon
238	Can add Image	65	add_image
239	Can change Image	65	change_image
240	Can delete Image	65	delete_image
241	Can view Image	65	view_image
242	Can add Jumbotron	66	add_jumbotron
243	Can change Jumbotron	66	change_jumbotron
244	Can delete Jumbotron	66	delete_jumbotron
245	Can view Jumbotron	66	view_jumbotron
246	Can add Link	67	add_link
247	Can change Link	67	change_link
248	Can delete Link	67	delete_link
249	Can view Link	67	view_link
250	Can add List group	68	add_listgroup
251	Can change List group	68	change_listgroup
252	Can delete List group	68	delete_listgroup
253	Can view List group	68	view_listgroup
254	Can add List group item	69	add_listgroupitem
255	Can change List group item	69	change_listgroupitem
256	Can delete List group item	69	delete_listgroupitem
257	Can view List group item	69	view_listgroupitem
258	Can add Media	70	add_media
259	Can change Media	70	change_media
260	Can delete Media	70	delete_media
261	Can view Media	70	view_media
262	Can add Media body	71	add_mediabody
263	Can change Media body	71	change_mediabody
264	Can delete Media body	71	delete_mediabody
265	Can view Media body	71	view_mediabody
266	Can add Brand	72	add_navbrand
267	Can change Brand	72	change_navbrand
268	Can delete Brand	72	delete_navbrand
269	Can view Brand	72	view_navbrand
270	Can add Navigation container	73	add_navcontainer
271	Can change Navigation container	73	change_navcontainer
272	Can delete Navigation container	73	delete_navcontainer
273	Can view Navigation container	73	view_navcontainer
274	Can add Navigation	74	add_navigation
275	Can change Navigation	74	change_navigation
276	Can delete Navigation	74	delete_navigation
277	Can view Navigation	74	view_navigation
278	Can add Navigation Link	75	add_navlink
279	Can change Navigation Link	75	change_navlink
280	Can delete Navigation Link	75	delete_navlink
281	Can view Navigation Link	75	view_navlink
282	Can add Page tree	76	add_pagetree
283	Can change Page tree	76	change_pagetree
284	Can delete Page tree	76	delete_pagetree
285	Can view Page tree	76	view_pagetree
286	Can add Tab	77	add_tab
287	Can change Tab	77	change_tab
288	Can delete Tab	77	delete_tab
289	Can view Tab	77	view_tab
290	Can add Tab item	78	add_tabitem
291	Can change Tab item	78	change_tabitem
292	Can delete Tab item	78	delete_tabitem
293	Can view Tab item	78	view_tabitem
294	Can add Heading	79	add_heading
295	Can change Heading	79	change_heading
296	Can delete Heading	79	delete_heading
297	Can view Heading	79	view_heading
298	Can add Spacing	80	add_spacing
299	Can change Spacing	80	change_spacing
300	Can delete Spacing	80	delete_spacing
301	Can view Spacing	80	view_spacing
302	Can add Table of contents	81	add_tableofcontents
303	Can change Table of contents	81	change_tableofcontents
304	Can delete Table of contents	81	delete_tableofcontents
305	Can view Table of contents	81	view_tableofcontents
306	Can add Проект	82	add_project
307	Can change Проект	82	change_project
308	Can delete Проект	82	delete_project
309	Can view Проект	82	view_project
310	Can add Существующая категория	83	add_tagname
311	Can change Существующая категория	83	change_tagname
312	Can delete Существующая категория	83	delete_tagname
313	Can view Существующая категория	83	view_tagname
314	Can add Проект и его категории	84	add_tag
315	Can change Проект и его категории	84	change_tag
316	Can delete Проект и его категории	84	delete_tag
317	Can view Проект и его категории	84	view_tag
\.


--
-- Data for Name: auth_user; Type: TABLE DATA; Schema: public; Owner: postgres
--

COPY public.auth_user (id, password, last_login, is_superuser, username, first_name, last_name, email, is_staff, is_active, date_joined) FROM stdin;
1	pbkdf2_sha256$720000$0GaYZz8Ni0csxvbaCNJRiz$l30YMgl0XSSvai6CtncPPaGwPVfNu7H850imZo22i3E=	2024-09-01 14:20:48.105851+00	t	admin			none_email@gmail.com	t	t	2024-09-01 14:08:59.565418+00
\.


--
-- Data for Name: auth_user_groups; Type: TABLE DATA; Schema: public; Owner: postgres
--

COPY public.auth_user_groups (id, user_id, group_id) FROM stdin;
\.


--
-- Data for Name: auth_user_user_permissions; Type: TABLE DATA; Schema: public; Owner: postgres
--

COPY public.auth_user_user_permissions (id, user_id, permission_id) FROM stdin;
\.


--
-- Data for Name: cms_aliaspluginmodel; Type: TABLE DATA; Schema: public; Owner: postgres
--

COPY public.cms_aliaspluginmodel (cmsplugin_ptr_id, plugin_id, alias_placeholder_id) FROM stdin;
\.


--
-- Data for Name: cms_cmsplugin; Type: TABLE DATA; Schema: public; Owner: postgres
--

COPY public.cms_cmsplugin (id, "position", language, plugin_type, creation_date, changed_date, parent_id, placeholder_id) FROM stdin;
\.


--
-- Data for Name: cms_globalpagepermission; Type: TABLE DATA; Schema: public; Owner: postgres
--

COPY public.cms_globalpagepermission (id, can_change, can_add, can_delete, can_change_advanced_settings, can_publish, can_change_permissions, can_move_page, can_view, can_recover_page, group_id, user_id) FROM stdin;
\.


--
-- Data for Name: cms_globalpagepermission_sites; Type: TABLE DATA; Schema: public; Owner: postgres
--

COPY public.cms_globalpagepermission_sites (id, globalpagepermission_id, site_id) FROM stdin;
\.


--
-- Data for Name: cms_page; Type: TABLE DATA; Schema: public; Owner: postgres
--

COPY public.cms_page (id, created_by, changed_by, creation_date, changed_date, reverse_id, navigation_extenders, login_required, is_home, application_urls, application_namespace, languages, is_page_type, node_id) FROM stdin;
1	admin	admin	2024-09-01 14:09:43.429175+00	2024-09-01 14:10:00.004067+00	\N	\N	f	t	PollsApphook	portfolio	ru	f	1
\.


--
-- Data for Name: cms_pagecontent; Type: TABLE DATA; Schema: public; Owner: postgres
--

COPY public.cms_pagecontent (id, language, title, page_title, menu_title, meta_description, redirect, creation_date, page_id, changed_by, changed_date, created_by, in_navigation, limit_visibility_in_menu, template, xframe_options, soft_root) FROM stdin;
1	ru	Портфолио	\N	\N	\N	\N	2024-09-01 14:09:43.437267+00	1	admin	2024-09-01 14:09:43.437511+00	admin	t	\N	INHERIT	0	f
6	ru	Портфолио	\N	\N	\N	\N	2024-09-01 15:41:32.268617+00	1	admin	2024-09-01 15:41:32.268947+00	admin	t	\N	INHERIT	0	f
\.


--
-- Data for Name: cms_pagepermission; Type: TABLE DATA; Schema: public; Owner: postgres
--

COPY public.cms_pagepermission (id, can_change, can_add, can_delete, can_change_advanced_settings, can_publish, can_change_permissions, can_move_page, can_view, grant_on, group_id, page_id, user_id) FROM stdin;
\.


--
-- Data for Name: cms_pageurl; Type: TABLE DATA; Schema: public; Owner: postgres
--

COPY public.cms_pageurl (id, slug, path, language, managed, page_id) FROM stdin;
1	portfolio		ru	t	1
\.


--
-- Data for Name: cms_pageuser; Type: TABLE DATA; Schema: public; Owner: postgres
--

COPY public.cms_pageuser (user_ptr_id, created_by_id) FROM stdin;
\.


--
-- Data for Name: cms_pageusergroup; Type: TABLE DATA; Schema: public; Owner: postgres
--

COPY public.cms_pageusergroup (group_ptr_id, created_by_id) FROM stdin;
\.


--
-- Data for Name: cms_placeholder; Type: TABLE DATA; Schema: public; Owner: postgres
--

COPY public.cms_placeholder (id, slot, default_width, content_type_id, object_id) FROM stdin;
1	clipboard	\N	\N	\N
2	content	\N	10	1
7	content	\N	10	6
9	content	\N	82	2
10	content	\N	82	1
\.


--
-- Data for Name: cms_placeholderreference; Type: TABLE DATA; Schema: public; Owner: postgres
--

COPY public.cms_placeholderreference (cmsplugin_ptr_id, name, placeholder_ref_id) FROM stdin;
\.


--
-- Data for Name: cms_staticplaceholder; Type: TABLE DATA; Schema: public; Owner: postgres
--

COPY public.cms_staticplaceholder (id, name, code, dirty, creation_method, draft_id, public_id, site_id) FROM stdin;
\.


--
-- Data for Name: cms_treenode; Type: TABLE DATA; Schema: public; Owner: postgres
--

COPY public.cms_treenode (id, path, depth, numchild, parent_id, site_id) FROM stdin;
1	0001	1	0	\N	1
\.


--
-- Data for Name: cms_urlconfrevision; Type: TABLE DATA; Schema: public; Owner: postgres
--

COPY public.cms_urlconfrevision (id, revision) FROM stdin;
1	acc3cb96-a012-4d33-ad84-65b2f7ad367c
\.


--
-- Data for Name: cms_usersettings; Type: TABLE DATA; Schema: public; Owner: postgres
--

COPY public.cms_usersettings (id, language, clipboard_id, user_id) FROM stdin;
1	ru	1	1
\.


--
-- Data for Name: django_admin_log; Type: TABLE DATA; Schema: public; Owner: postgres
--

COPY public.django_admin_log (id, action_time, object_id, object_repr, action_flag, change_message, content_type_id, user_id) FROM stdin;
1	2024-09-01 14:09:43.476639+00	1	Портфолио	1	Перевод страницы добавлен	2	1
2	2024-09-01 14:10:00.019452+00	1		2	[{"changed": {"fields": ["Application", "Application instance name"]}}]	2	1
3	2024-09-01 14:10:19.721088+00	2	Контакты	1	Перевод страницы добавлен	2	1
4	2024-09-01 15:28:43.673604+00	1	asdasd	1	[{"added": {}}]	82	1
5	2024-09-01 15:28:46.376683+00	1	asdasd	2	[{"changed": {"fields": ["\\u041e\\u043f\\u0443\\u0431\\u043b\\u0438\\u043a\\u043e\\u0432\\u0430\\u043d\\u043e"]}}]	82	1
6	2024-09-01 15:37:01.335016+00	1	asdasd	2	[{"changed": {"fields": ["\\u041e\\u0431\\u043b\\u043e\\u0436\\u043a\\u0430 \\u043f\\u0440\\u043e\\u0435\\u043a\\u0442\\u0430"]}}]	82	1
7	2024-09-01 15:42:18.417922+00	2	Контакты	3	Удален	2	1
8	2024-09-01 15:43:05.868276+00	2	Название проекта	1	[{"added": {}}]	82	1
9	2024-09-01 15:45:07.944654+00	1	Длинное название проекта, для тестирования корректного отображения длинных названий	2	[{"changed": {"fields": ["\\u041d\\u0430\\u0437\\u0432\\u0430\\u043d\\u0438\\u0435 \\u043f\\u0440\\u043e\\u0435\\u043a\\u0442\\u0430"]}}]	82	1
10	2024-09-01 15:46:09.106316+00	3	Название проекта для тестирования погинации	1	[{"added": {}}]	82	1
11	2024-09-01 15:46:41.720328+00	1	Название категории	1	[{"added": {}}]	83	1
12	2024-09-01 15:46:53.208028+00	1	Tag object (1)	1	[{"added": {}}]	84	1
13	2024-09-01 15:46:59.896134+00	1	Tag object (1)	2	[{"changed": {"fields": ["\\u041f\\u0440\\u043e\\u0435\\u043a\\u0442"]}}]	84	1
14	2024-09-01 15:47:35.652158+00	2	Длинное название категория, для теста отображения	1	[{"added": {}}]	83	1
15	2024-09-01 15:47:38.243546+00	1	Tag object (1)	2	[{"changed": {"fields": ["\\u041a\\u0430\\u0442\\u0435\\u0433\\u043e\\u0440\\u0438\\u044f"]}}]	84	1
16	2024-09-01 15:48:36.814178+00	2	Tag object (2)	1	[{"added": {}}]	84	1
17	2024-09-01 15:48:44.098471+00	2	Tag object (2)	2	[{"changed": {"fields": ["\\u041f\\u0440\\u043e\\u0435\\u043a\\u0442"]}}]	84	1
18	2024-09-01 15:48:47.771629+00	2	Tag object (2)	2	[{"changed": {"fields": ["\\u041f\\u0440\\u043e\\u0435\\u043a\\u0442"]}}]	84	1
19	2024-09-01 15:48:49.006479+00	2	Tag object (2)	2	[]	84	1
20	2024-09-01 15:49:16.902114+00	3	Tag object (3)	1	[{"added": {}}]	84	1
\.


--
-- Data for Name: django_content_type; Type: TABLE DATA; Schema: public; Owner: postgres
--

COPY public.django_content_type (id, app_label, model) FROM stdin;
1	cms	placeholder
2	cms	page
3	djangocms_frontend	frontenduiitem
4	accordion	accordion
5	accordion	accordionitem
6	alert	alert
7	cms	pagetype
8	cms	staticplaceholder
9	cms	usersettings
10	cms	pagecontent
11	admin	logentry
12	auth	permission
13	auth	group
14	auth	user
15	contenttypes	contenttype
16	sessions	session
17	sites	site
18	cms	cmsplugin
19	cms	aliaspluginmodel
20	cms	globalpagepermission
21	cms	pagepermission
22	cms	pageuser
23	cms	pageusergroup
24	cms	placeholderreference
25	cms	urlconfrevision
26	cms	treenode
27	cms	pageurl
28	menus	cachekey
29	djangocms_text_ckeditor	text
30	djangocms_alias	alias
31	djangocms_alias	aliascontent
32	djangocms_alias	aliasplugin
33	djangocms_alias	category
34	djangocms_alias	categorytranslation
35	djangocms_versioning	version
36	djangocms_versioning	statetracking
37	djangocms_versioning	aliascontentversion
38	djangocms_versioning	pagecontentversion
39	filer	clipboard
40	filer	clipboarditem
41	filer	file
42	filer	folder
43	filer	folderpermission
44	filer	image
45	filer	thumbnailoption
46	easy_thumbnails	source
47	easy_thumbnails	thumbnail
48	easy_thumbnails	thumbnaildimensions
49	badge	badge
50	card	card
51	card	cardinner
52	card	cardlayout
53	carousel	carousel
54	carousel	carouselslide
55	collapse	collapse
56	collapse	collapsecontainer
57	collapse	collapsetrigger
58	content	blockquote
59	content	codeblock
60	content	figure
61	grid	gridcolumn
62	grid	gridcontainer
63	grid	gridrow
64	icon	icon
65	image	image
66	jumbotron	jumbotron
67	link	link
68	listgroup	listgroup
69	listgroup	listgroupitem
70	media	media
71	media	mediabody
72	navigation	navbrand
73	navigation	navcontainer
74	navigation	navigation
75	navigation	navlink
76	navigation	pagetree
77	tabs	tab
78	tabs	tabitem
79	utilities	heading
80	utilities	spacing
81	utilities	tableofcontents
82	portfolio	project
83	portfolio	tagname
84	portfolio	tag
\.


--
-- Data for Name: django_migrations; Type: TABLE DATA; Schema: public; Owner: postgres
--

COPY public.django_migrations (id, app, name, applied) FROM stdin;
1	sites	0001_initial	2024-09-01 14:08:50.21969+00
2	contenttypes	0001_initial	2024-09-01 14:08:50.242279+00
3	auth	0001_initial	2024-09-01 14:08:50.444143+00
4	cms	0001_initial	2024-09-01 14:08:50.903505+00
5	cms	0002_auto_20140816_1918	2024-09-01 14:08:51.363298+00
6	cms	0003_auto_20140926_2347	2024-09-01 14:08:51.395518+00
7	cms	0004_auto_20140924_1038	2024-09-01 14:08:51.464555+00
8	cms	0005_auto_20140924_1039	2024-09-01 14:08:51.489457+00
9	cms	0006_auto_20140924_1110	2024-09-01 14:08:51.609257+00
10	cms	0007_auto_20141028_1559	2024-09-01 14:08:51.64057+00
11	cms	0008_auto_20150208_2149	2024-09-01 14:08:51.649573+00
12	cms	0008_auto_20150121_0059	2024-09-01 14:08:51.680563+00
13	cms	0009_merge	2024-09-01 14:08:51.683773+00
14	cms	0010_migrate_use_structure	2024-09-01 14:08:51.729324+00
15	cms	0011_auto_20150419_1006	2024-09-01 14:08:51.755086+00
16	cms	0012_auto_20150607_2207	2024-09-01 14:08:51.803381+00
17	cms	0013_urlconfrevision	2024-09-01 14:08:51.814769+00
18	cms	0014_auto_20160404_1908	2024-09-01 14:08:51.837901+00
19	cms	0015_auto_20160421_0000	2024-09-01 14:08:51.861604+00
20	cms	0016_auto_20160608_1535	2024-09-01 14:08:51.924576+00
21	cms	0017_pagetype	2024-09-01 14:08:52.047825+00
22	cms	0018_pagenode	2024-09-01 14:08:52.194233+00
23	cms	0019_set_pagenode	2024-09-01 14:08:52.316955+00
24	cms	0020_old_tree_cleanup	2024-09-01 14:08:52.4604+00
25	cms	0021_auto_20180507_1432	2024-09-01 14:08:52.474853+00
26	cms	0022_auto_20180620_1551	2024-09-01 14:08:52.486778+00
27	djangocms_frontend	0001_initial	2024-09-01 14:08:52.523812+00
28	accordion	0001_initial	2024-09-01 14:08:52.528263+00
29	admin	0001_initial	2024-09-01 14:08:52.590581+00
30	admin	0002_logentry_remove_auto_add	2024-09-01 14:08:52.603949+00
31	admin	0003_logentry_add_action_flag_choices	2024-09-01 14:08:52.61509+00
32	alert	0001_initial	2024-09-01 14:08:52.617826+00
33	contenttypes	0002_remove_content_type_name	2024-09-01 14:08:52.64728+00
34	auth	0002_alter_permission_name_max_length	2024-09-01 14:08:52.669224+00
35	auth	0003_alter_user_email_max_length	2024-09-01 14:08:52.681478+00
36	auth	0004_alter_user_username_opts	2024-09-01 14:08:52.692485+00
37	auth	0005_alter_user_last_login_null	2024-09-01 14:08:52.706475+00
38	auth	0006_require_contenttypes_0002	2024-09-01 14:08:52.708224+00
39	auth	0007_alter_validators_add_error_messages	2024-09-01 14:08:52.721+00
40	auth	0008_alter_user_username_max_length	2024-09-01 14:08:52.741078+00
41	auth	0009_alter_user_last_name_max_length	2024-09-01 14:08:52.753897+00
42	auth	0010_alter_group_name_max_length	2024-09-01 14:08:52.779631+00
43	auth	0011_update_proxy_permissions	2024-09-01 14:08:52.820844+00
44	auth	0012_alter_user_first_name_max_length	2024-09-01 14:08:52.832784+00
45	badge	0001_initial	2024-09-01 14:08:52.835555+00
46	card	0001_initial	2024-09-01 14:08:52.839329+00
47	carousel	0001_initial	2024-09-01 14:08:52.842885+00
48	cms	0023_placeholder_source_field	2024-09-01 14:08:52.883332+00
49	cms	0024_set_plugin_absolute_position	2024-09-01 14:08:52.913859+00
50	cms	0025_remove_plugin_tree_fields	2024-09-01 14:08:53.050624+00
51	cms	0026_title_placeholders	2024-09-01 14:08:53.127129+00
52	cms	0027_title_placeholders_data_migration	2024-09-01 14:08:53.171495+00
53	cms	0028_remove_page_placeholders	2024-09-01 14:08:53.206857+00
54	cms	0029_create_title_fields_and_url_model	2024-09-01 14:08:53.384561+00
55	cms	0030_auto_20180810_0629	2024-09-01 14:08:53.433056+00
56	cms	0031_remove_fields	2024-09-01 14:08:53.623222+00
57	cms	0032_remove_title_to_pagecontent	2024-09-01 14:08:53.740564+00
58	cms	0033_placeholder_source_data_migration	2024-09-01 14:08:53.790597+00
59	cms	0034_remove_pagecontent_placeholders	2024-09-01 14:08:53.825013+00
60	cms	0035_auto_20230822_2208	2024-09-01 14:08:53.908989+00
61	cms	0036_auto_20240311_1028	2024-09-01 14:08:53.909826+00
62	collapse	0001_initial	2024-09-01 14:08:53.914246+00
63	content	0001_initial	2024-09-01 14:08:53.918376+00
64	sites	0002_alter_domain_unique	2024-09-01 14:08:53.949021+00
65	djangocms_alias	0001_initial	2024-09-01 14:08:54.131227+00
66	djangocms_alias	0002_auto_20200723_1424	2024-09-01 14:08:54.248951+00
67	djangocms_alias	0003_auto_20230725_1547	2024-09-01 14:08:54.290733+00
68	djangocms_alias	0004_alter_aliascontent_language	2024-09-01 14:08:54.300983+00
69	djangocms_text_ckeditor	0001_initial	2024-09-01 14:08:54.348491+00
70	djangocms_text_ckeditor	0002_remove_related_name_for_cmsplugin_ptr	2024-09-01 14:08:54.382369+00
71	djangocms_text_ckeditor	0003_set_related_name_for_cmsplugin_ptr	2024-09-01 14:08:54.410687+00
72	djangocms_text_ckeditor	0004_auto_20160706_1339	2024-09-01 14:08:54.442199+00
73	djangocms_text_ckeditor	0005_alter_text_cmsplugin_ptr	2024-09-01 14:08:54.47268+00
74	djangocms_versioning	0001_initial	2024-09-01 14:08:54.489147+00
75	djangocms_versioning	0002_delete_campaign	2024-09-01 14:08:54.492972+00
76	djangocms_versioning	0003_version	2024-09-01 14:08:54.560422+00
77	djangocms_versioning	0004_auto_20180730_1135	2024-09-01 14:08:54.662503+00
78	djangocms_versioning	0005_remove_version_label	2024-09-01 14:08:54.671583+00
79	djangocms_versioning	0006_auto_20180809_1714	2024-09-01 14:08:54.683859+00
80	djangocms_versioning	0007_auto_20180813_1407	2024-09-01 14:08:54.735751+00
81	djangocms_versioning	0008_auto_20180820_1754	2024-09-01 14:08:54.768117+00
82	djangocms_versioning	0009_cms_pagecontent_remove_unique_constraint	2024-09-01 14:08:54.800209+00
83	djangocms_versioning	0010_version_proxies	2024-09-01 14:08:54.806388+00
84	djangocms_versioning	0011_version_number	2024-09-01 14:08:54.824076+00
85	djangocms_versioning	0012_create_version_numbers	2024-09-01 14:08:54.852752+00
86	djangocms_versioning	0013_auto_20181005_1404	2024-09-01 14:08:54.870492+00
87	djangocms_versioning	0014_version_source	2024-09-01 14:08:54.982822+00
88	djangocms_versioning	0015_version_modified	2024-09-01 14:08:55.000588+00
89	djangocms_versioning	0016_auto_20230505_0934	2024-09-01 14:08:55.053006+00
90	djangocms_versioning	0016_alter_version_content_type	2024-09-01 14:08:55.08675+00
91	djangocms_versioning	0017_merge_20230514_1027	2024-09-01 14:08:55.089386+00
92	easy_thumbnails	0001_initial	2024-09-01 14:08:55.190335+00
93	easy_thumbnails	0002_thumbnaildimensions	2024-09-01 14:08:55.24887+00
94	filer	0001_initial	2024-09-01 14:08:55.770797+00
95	filer	0002_auto_20150606_2003	2024-09-01 14:08:55.81628+00
96	filer	0003_thumbnailoption	2024-09-01 14:08:55.828671+00
97	filer	0004_auto_20160328_1434	2024-09-01 14:08:55.843346+00
98	filer	0005_auto_20160623_1425	2024-09-01 14:08:56.036877+00
99	filer	0006_auto_20160623_1627	2024-09-01 14:08:56.079737+00
100	filer	0007_auto_20161016_1055	2024-09-01 14:08:56.089413+00
101	filer	0008_auto_20171117_1313	2024-09-01 14:08:56.12637+00
102	filer	0009_auto_20171220_1635	2024-09-01 14:08:56.187272+00
103	filer	0010_auto_20180414_2058	2024-09-01 14:08:56.234143+00
104	filer	0011_auto_20190418_0137	2024-09-01 14:08:56.315992+00
105	filer	0012_file_mime_type	2024-09-01 14:08:56.398847+00
106	filer	0013_image_width_height_to_float	2024-09-01 14:08:56.44227+00
107	filer	0014_folder_permission_choices	2024-09-01 14:08:56.503102+00
108	filer	0015_alter_file_owner_alter_file_polymorphic_ctype_and_more	2024-09-01 14:08:56.610875+00
109	filer	0016_alter_folder_index_together_remove_folder_level_and_more	2024-09-01 14:08:56.701143+00
110	filer	0017_image__transparent	2024-09-01 14:08:56.716355+00
111	grid	0001_initial	2024-09-01 14:08:56.721709+00
112	icon	0001_initial	2024-09-01 14:08:56.724854+00
113	image	0001_initial	2024-09-01 14:08:56.727865+00
114	jumbotron	0001_initial	2024-09-01 14:08:56.730606+00
115	link	0001_initial	2024-09-01 14:08:56.733474+00
116	listgroup	0001_initial	2024-09-01 14:08:56.737217+00
117	media	0001_initial	2024-09-01 14:08:56.741387+00
118	menus	0001_initial	2024-09-01 14:08:56.756044+00
119	navigation	0001_initial	2024-09-01 14:08:56.764213+00
120	portfolio	0001_initial	2024-09-01 14:08:56.863513+00
121	sessions	0001_initial	2024-09-01 14:08:56.88927+00
122	tabs	0001_initial	2024-09-01 14:08:56.966812+00
123	utilities	0001_initial	2024-09-01 14:08:56.973315+00
124	cms	0035_auto_20230822_2208_squashed_0036_auto_20240311_1028	2024-09-01 14:08:56.976824+00
125	cms	0018_create_pagenode	2024-09-01 14:08:56.978186+00
\.


--
-- Data for Name: django_session; Type: TABLE DATA; Schema: public; Owner: postgres
--

COPY public.django_session (session_key, session_data, expire_date) FROM stdin;
icm8lvddsd3nu7iigsjcfx8vaae6qsod	.eJxVj91uwyAMhd-F6yqC_DXJ5e77DMjYZmFjoQLSVq367iNrNG1X9jnfsWU_hIY1z3pNHLUjMQklDn89A_jJywboA5b3UGFYcnSm2iLVTlN1CsT-bc_-WzBDmss0Wmp6aHs0KHGoa5CyBTl2SlngZhhwJNWMsm-6okmNxg4ILR6NauuuV9tVV3eHSHovGBky64vjq5geImU-i2lZvT_89JogQwHPXVrnOb0033KEX14M_Eo6h-ANRE0ugfFcHrbgEz-_AdcyY7M:1sklRI:_Ywf4VceBvWk7DCWjRJ_X0d3Wkcbet78tQLflOuRSho	2024-09-15 14:20:24.158769+00
5trdkl64pwv95679dza2m4oj5ea18zgk	.eJxVjsEOwiAQRP-FsyFsoQgevfsNZHcBW8WSlPZk_HfbpAc9zsybybxFwHUZwtrSHMYoLgLE6dcj5Gea9iA-cLpXyXVa5pHkjsgjbfJWYyrXg_0bGLANW5tz1BaNZWLFrutQKYPK9wAZk3aOfQTtldX9piN4yo7R8JnAdL2F_RW_WlhqLYRziGNDKmn7lbG09PkC5H5CyA:1skyqv:CE4y5s_Q4RSJBh5wNDEg7-Gux29WGPkqLSGOjSNyAXY	2024-09-16 04:39:45.084729+00
\.


--
-- Data for Name: django_site; Type: TABLE DATA; Schema: public; Owner: postgres
--

COPY public.django_site (id, domain, name) FROM stdin;
1	example.com	example.com
\.


--
-- Data for Name: djangocms_alias_alias; Type: TABLE DATA; Schema: public; Owner: postgres
--

COPY public.djangocms_alias_alias (id, "position", category_id, creation_method, site_id, static_code) FROM stdin;
\.


--
-- Data for Name: djangocms_alias_aliascontent; Type: TABLE DATA; Schema: public; Owner: postgres
--

COPY public.djangocms_alias_aliascontent (id, name, language, alias_id) FROM stdin;
\.


--
-- Data for Name: djangocms_alias_aliasplugin; Type: TABLE DATA; Schema: public; Owner: postgres
--

COPY public.djangocms_alias_aliasplugin (cmsplugin_ptr_id, template, alias_id) FROM stdin;
\.


--
-- Data for Name: djangocms_alias_category; Type: TABLE DATA; Schema: public; Owner: postgres
--

COPY public.djangocms_alias_category (id) FROM stdin;
\.


--
-- Data for Name: djangocms_alias_category_translation; Type: TABLE DATA; Schema: public; Owner: postgres
--

COPY public.djangocms_alias_category_translation (id, language_code, name, master_id) FROM stdin;
\.


--
-- Data for Name: djangocms_frontend_frontenduiitem; Type: TABLE DATA; Schema: public; Owner: postgres
--

COPY public.djangocms_frontend_frontenduiitem (cmsplugin_ptr_id, ui_item, tag_type, config) FROM stdin;
\.


--
-- Data for Name: djangocms_text_ckeditor_text; Type: TABLE DATA; Schema: public; Owner: postgres
--

COPY public.djangocms_text_ckeditor_text (cmsplugin_ptr_id, body) FROM stdin;
\.


--
-- Data for Name: djangocms_versioning_statetracking; Type: TABLE DATA; Schema: public; Owner: postgres
--

COPY public.djangocms_versioning_statetracking (id, date, old_state, new_state, user_id, version_id) FROM stdin;
1	2024-09-01 14:10:06.218137+00	draft	published	1	1
9	2024-09-01 15:41:29.125268+00	published	unpublished	1	1
10	2024-09-01 15:41:35.121585+00	draft	published	1	6
\.


--
-- Data for Name: djangocms_versioning_version; Type: TABLE DATA; Schema: public; Owner: postgres
--

COPY public.djangocms_versioning_version (id, created, object_id, content_type_id, state, created_by_id, number, source_id, modified, locked_by_id) FROM stdin;
1	2024-09-01 14:09:43.452752+00	1	10	unpublished	1	1	\N	2024-09-01 15:41:29.113675+00	\N
6	2024-09-01 15:41:32.315794+00	6	10	published	1	2	1	2024-09-01 15:41:35.103115+00	\N
\.


--
-- Data for Name: easy_thumbnails_source; Type: TABLE DATA; Schema: public; Owner: postgres
--

COPY public.easy_thumbnails_source (id, storage_hash, name, modified) FROM stdin;
\.


--
-- Data for Name: easy_thumbnails_thumbnail; Type: TABLE DATA; Schema: public; Owner: postgres
--

COPY public.easy_thumbnails_thumbnail (id, storage_hash, name, modified, source_id) FROM stdin;
\.


--
-- Data for Name: easy_thumbnails_thumbnaildimensions; Type: TABLE DATA; Schema: public; Owner: postgres
--

COPY public.easy_thumbnails_thumbnaildimensions (id, thumbnail_id, width, height) FROM stdin;
\.


--
-- Data for Name: filer_clipboard; Type: TABLE DATA; Schema: public; Owner: postgres
--

COPY public.filer_clipboard (id, user_id) FROM stdin;
\.


--
-- Data for Name: filer_clipboarditem; Type: TABLE DATA; Schema: public; Owner: postgres
--

COPY public.filer_clipboarditem (id, clipboard_id, file_id) FROM stdin;
\.


--
-- Data for Name: filer_file; Type: TABLE DATA; Schema: public; Owner: postgres
--

COPY public.filer_file (id, file, _file_size, sha1, has_all_mandatory_data, original_filename, name, description, uploaded_at, modified_at, is_public, folder_id, owner_id, polymorphic_ctype_id, mime_type) FROM stdin;
\.


--
-- Data for Name: filer_folder; Type: TABLE DATA; Schema: public; Owner: postgres
--

COPY public.filer_folder (id, name, uploaded_at, created_at, modified_at, owner_id, parent_id) FROM stdin;
\.


--
-- Data for Name: filer_folderpermission; Type: TABLE DATA; Schema: public; Owner: postgres
--

COPY public.filer_folderpermission (id, type, everybody, can_edit, can_read, can_add_children, folder_id, group_id, user_id) FROM stdin;
\.


--
-- Data for Name: filer_image; Type: TABLE DATA; Schema: public; Owner: postgres
--

COPY public.filer_image (file_ptr_id, _height, _width, date_taken, default_alt_text, default_caption, author, must_always_publish_author_credit, must_always_publish_copyright, subject_location, _transparent) FROM stdin;
\.


--
-- Data for Name: filer_thumbnailoption; Type: TABLE DATA; Schema: public; Owner: postgres
--

COPY public.filer_thumbnailoption (id, name, width, height, crop, upscale) FROM stdin;
\.


--
-- Data for Name: menus_cachekey; Type: TABLE DATA; Schema: public; Owner: postgres
--

COPY public.menus_cachekey (id, language, site, key) FROM stdin;
20	ru	1	cms_4.1.2_menu_nodes_ru_1_1_user:public
21	ru	1	cms_4.1.2_menu_nodes_ru_1_1_user:edit
\.


--
-- Data for Name: portfolio_project; Type: TABLE DATA; Schema: public; Owner: postgres
--

COPY public.portfolio_project (id, name, img_background, publication, date_creation, date_changes, slug) FROM stdin;
2	Название проекта	Rectangle_30.png	t	2024-09-01 15:43:05.867247+00	2024-09-01 15:43:05.867263+00	nazvanie-proekta
1	Длинное название проекта, для тестирования корректного отображения длинных названий	Rectangle_12.png	t	2024-09-01 15:28:43.65645+00	2024-09-01 15:45:07.942992+00	asdasd
3	Название проекта для тестирования погинации	Rectangle_27.png	t	2024-09-01 15:46:09.105163+00	2024-09-01 15:46:09.105183+00	nazvanie-proekta-dlya-testirovaniya-poginacii
\.


--
-- Data for Name: portfolio_tag; Type: TABLE DATA; Schema: public; Owner: postgres
--

COPY public.portfolio_tag (id, date_creation, date_changes, project_id, tag_id) FROM stdin;
1	2024-09-01 15:46:53.198836+00	2024-09-01 15:47:38.239599+00	3	2
2	2024-09-01 15:48:36.812949+00	2024-09-01 15:48:49.005166+00	1	1
3	2024-09-01 15:49:16.900875+00	2024-09-01 15:49:16.900889+00	2	1
\.


--
-- Data for Name: portfolio_tagname; Type: TABLE DATA; Schema: public; Owner: postgres
--

COPY public.portfolio_tagname (id, name, date_creation, date_changes, slug) FROM stdin;
1	Название категории	2024-09-01 15:46:41.706806+00	2024-09-01 15:46:41.706819+00	nazvanie-kategorii
2	Длинное название категория, для теста отображения	2024-09-01 15:47:35.648726+00	2024-09-01 15:47:35.648739+00	dlinnoe-nazvanie-kategoriya-dlya-testa-otobrazheniya
\.


--
-- Name: auth_group_id_seq; Type: SEQUENCE SET; Schema: public; Owner: postgres
--

SELECT pg_catalog.setval('public.auth_group_id_seq', 1, false);


--
-- Name: auth_group_permissions_id_seq; Type: SEQUENCE SET; Schema: public; Owner: postgres
--

SELECT pg_catalog.setval('public.auth_group_permissions_id_seq', 1, false);


--
-- Name: auth_permission_id_seq; Type: SEQUENCE SET; Schema: public; Owner: postgres
--

SELECT pg_catalog.setval('public.auth_permission_id_seq', 317, true);


--
-- Name: auth_user_groups_id_seq; Type: SEQUENCE SET; Schema: public; Owner: postgres
--

SELECT pg_catalog.setval('public.auth_user_groups_id_seq', 1, false);


--
-- Name: auth_user_id_seq; Type: SEQUENCE SET; Schema: public; Owner: postgres
--

SELECT pg_catalog.setval('public.auth_user_id_seq', 1, true);


--
-- Name: auth_user_user_permissions_id_seq; Type: SEQUENCE SET; Schema: public; Owner: postgres
--

SELECT pg_catalog.setval('public.auth_user_user_permissions_id_seq', 1, false);


--
-- Name: cms_cmsplugin_id_seq; Type: SEQUENCE SET; Schema: public; Owner: postgres
--

SELECT pg_catalog.setval('public.cms_cmsplugin_id_seq', 3, true);


--
-- Name: cms_globalpagepermission_id_seq; Type: SEQUENCE SET; Schema: public; Owner: postgres
--

SELECT pg_catalog.setval('public.cms_globalpagepermission_id_seq', 1, false);


--
-- Name: cms_globalpagepermission_sites_id_seq; Type: SEQUENCE SET; Schema: public; Owner: postgres
--

SELECT pg_catalog.setval('public.cms_globalpagepermission_sites_id_seq', 1, false);


--
-- Name: cms_page_id_seq; Type: SEQUENCE SET; Schema: public; Owner: postgres
--

SELECT pg_catalog.setval('public.cms_page_id_seq', 2, true);


--
-- Name: cms_pagepermission_id_seq; Type: SEQUENCE SET; Schema: public; Owner: postgres
--

SELECT pg_catalog.setval('public.cms_pagepermission_id_seq', 1, false);


--
-- Name: cms_pageurl_id_seq; Type: SEQUENCE SET; Schema: public; Owner: postgres
--

SELECT pg_catalog.setval('public.cms_pageurl_id_seq', 2, true);


--
-- Name: cms_placeholder_id_seq; Type: SEQUENCE SET; Schema: public; Owner: postgres
--

SELECT pg_catalog.setval('public.cms_placeholder_id_seq', 10, true);


--
-- Name: cms_staticplaceholder_id_seq; Type: SEQUENCE SET; Schema: public; Owner: postgres
--

SELECT pg_catalog.setval('public.cms_staticplaceholder_id_seq', 1, false);


--
-- Name: cms_title_id_seq; Type: SEQUENCE SET; Schema: public; Owner: postgres
--

SELECT pg_catalog.setval('public.cms_title_id_seq', 7, true);


--
-- Name: cms_treenode_id_seq; Type: SEQUENCE SET; Schema: public; Owner: postgres
--

SELECT pg_catalog.setval('public.cms_treenode_id_seq', 2, true);


--
-- Name: cms_urlconfrevision_id_seq; Type: SEQUENCE SET; Schema: public; Owner: postgres
--

SELECT pg_catalog.setval('public.cms_urlconfrevision_id_seq', 1, false);


--
-- Name: cms_usersettings_id_seq; Type: SEQUENCE SET; Schema: public; Owner: postgres
--

SELECT pg_catalog.setval('public.cms_usersettings_id_seq', 1, true);


--
-- Name: django_admin_log_id_seq; Type: SEQUENCE SET; Schema: public; Owner: postgres
--

SELECT pg_catalog.setval('public.django_admin_log_id_seq', 20, true);


--
-- Name: django_content_type_id_seq; Type: SEQUENCE SET; Schema: public; Owner: postgres
--

SELECT pg_catalog.setval('public.django_content_type_id_seq', 84, true);


--
-- Name: django_migrations_id_seq; Type: SEQUENCE SET; Schema: public; Owner: postgres
--

SELECT pg_catalog.setval('public.django_migrations_id_seq', 125, true);


--
-- Name: django_site_id_seq; Type: SEQUENCE SET; Schema: public; Owner: postgres
--

SELECT pg_catalog.setval('public.django_site_id_seq', 1, true);


--
-- Name: djangocms_alias_alias_id_seq; Type: SEQUENCE SET; Schema: public; Owner: postgres
--

SELECT pg_catalog.setval('public.djangocms_alias_alias_id_seq', 1, false);


--
-- Name: djangocms_alias_aliascontent_id_seq; Type: SEQUENCE SET; Schema: public; Owner: postgres
--

SELECT pg_catalog.setval('public.djangocms_alias_aliascontent_id_seq', 1, false);


--
-- Name: djangocms_alias_category_id_seq; Type: SEQUENCE SET; Schema: public; Owner: postgres
--

SELECT pg_catalog.setval('public.djangocms_alias_category_id_seq', 1, false);


--
-- Name: djangocms_alias_category_translation_id_seq; Type: SEQUENCE SET; Schema: public; Owner: postgres
--

SELECT pg_catalog.setval('public.djangocms_alias_category_translation_id_seq', 1, false);


--
-- Name: djangocms_versioning_statetracking_id_seq; Type: SEQUENCE SET; Schema: public; Owner: postgres
--

SELECT pg_catalog.setval('public.djangocms_versioning_statetracking_id_seq', 10, true);


--
-- Name: djangocms_versioning_version_id_seq; Type: SEQUENCE SET; Schema: public; Owner: postgres
--

SELECT pg_catalog.setval('public.djangocms_versioning_version_id_seq', 7, true);


--
-- Name: easy_thumbnails_source_id_seq; Type: SEQUENCE SET; Schema: public; Owner: postgres
--

SELECT pg_catalog.setval('public.easy_thumbnails_source_id_seq', 1, false);


--
-- Name: easy_thumbnails_thumbnail_id_seq; Type: SEQUENCE SET; Schema: public; Owner: postgres
--

SELECT pg_catalog.setval('public.easy_thumbnails_thumbnail_id_seq', 1, false);


--
-- Name: easy_thumbnails_thumbnaildimensions_id_seq; Type: SEQUENCE SET; Schema: public; Owner: postgres
--

SELECT pg_catalog.setval('public.easy_thumbnails_thumbnaildimensions_id_seq', 1, false);


--
-- Name: filer_clipboard_id_seq; Type: SEQUENCE SET; Schema: public; Owner: postgres
--

SELECT pg_catalog.setval('public.filer_clipboard_id_seq', 1, false);


--
-- Name: filer_clipboarditem_id_seq; Type: SEQUENCE SET; Schema: public; Owner: postgres
--

SELECT pg_catalog.setval('public.filer_clipboarditem_id_seq', 1, false);


--
-- Name: filer_file_id_seq; Type: SEQUENCE SET; Schema: public; Owner: postgres
--

SELECT pg_catalog.setval('public.filer_file_id_seq', 1, false);


--
-- Name: filer_folder_id_seq; Type: SEQUENCE SET; Schema: public; Owner: postgres
--

SELECT pg_catalog.setval('public.filer_folder_id_seq', 1, false);


--
-- Name: filer_folderpermission_id_seq; Type: SEQUENCE SET; Schema: public; Owner: postgres
--

SELECT pg_catalog.setval('public.filer_folderpermission_id_seq', 1, false);


--
-- Name: filer_thumbnailoption_id_seq; Type: SEQUENCE SET; Schema: public; Owner: postgres
--

SELECT pg_catalog.setval('public.filer_thumbnailoption_id_seq', 1, false);


--
-- Name: menus_cachekey_id_seq; Type: SEQUENCE SET; Schema: public; Owner: postgres
--

SELECT pg_catalog.setval('public.menus_cachekey_id_seq', 21, true);


--
-- Name: portfolio_project_id_seq; Type: SEQUENCE SET; Schema: public; Owner: postgres
--

SELECT pg_catalog.setval('public.portfolio_project_id_seq', 3, true);


--
-- Name: portfolio_tag_id_seq; Type: SEQUENCE SET; Schema: public; Owner: postgres
--

SELECT pg_catalog.setval('public.portfolio_tag_id_seq', 3, true);


--
-- Name: portfolio_tagname_id_seq; Type: SEQUENCE SET; Schema: public; Owner: postgres
--

SELECT pg_catalog.setval('public.portfolio_tagname_id_seq', 2, true);


--
-- Name: auth_group auth_group_name_key; Type: CONSTRAINT; Schema: public; Owner: postgres
--

ALTER TABLE ONLY public.auth_group
    ADD CONSTRAINT auth_group_name_key UNIQUE (name);


--
-- Name: auth_group_permissions auth_group_permissions_group_id_permission_id_0cd325b0_uniq; Type: CONSTRAINT; Schema: public; Owner: postgres
--

ALTER TABLE ONLY public.auth_group_permissions
    ADD CONSTRAINT auth_group_permissions_group_id_permission_id_0cd325b0_uniq UNIQUE (group_id, permission_id);


--
-- Name: auth_group_permissions auth_group_permissions_pkey; Type: CONSTRAINT; Schema: public; Owner: postgres
--

ALTER TABLE ONLY public.auth_group_permissions
    ADD CONSTRAINT auth_group_permissions_pkey PRIMARY KEY (id);


--
-- Name: auth_group auth_group_pkey; Type: CONSTRAINT; Schema: public; Owner: postgres
--

ALTER TABLE ONLY public.auth_group
    ADD CONSTRAINT auth_group_pkey PRIMARY KEY (id);


--
-- Name: auth_permission auth_permission_content_type_id_codename_01ab375a_uniq; Type: CONSTRAINT; Schema: public; Owner: postgres
--

ALTER TABLE ONLY public.auth_permission
    ADD CONSTRAINT auth_permission_content_type_id_codename_01ab375a_uniq UNIQUE (content_type_id, codename);


--
-- Name: auth_permission auth_permission_pkey; Type: CONSTRAINT; Schema: public; Owner: postgres
--

ALTER TABLE ONLY public.auth_permission
    ADD CONSTRAINT auth_permission_pkey PRIMARY KEY (id);


--
-- Name: auth_user_groups auth_user_groups_pkey; Type: CONSTRAINT; Schema: public; Owner: postgres
--

ALTER TABLE ONLY public.auth_user_groups
    ADD CONSTRAINT auth_user_groups_pkey PRIMARY KEY (id);


--
-- Name: auth_user_groups auth_user_groups_user_id_group_id_94350c0c_uniq; Type: CONSTRAINT; Schema: public; Owner: postgres
--

ALTER TABLE ONLY public.auth_user_groups
    ADD CONSTRAINT auth_user_groups_user_id_group_id_94350c0c_uniq UNIQUE (user_id, group_id);


--
-- Name: auth_user auth_user_pkey; Type: CONSTRAINT; Schema: public; Owner: postgres
--

ALTER TABLE ONLY public.auth_user
    ADD CONSTRAINT auth_user_pkey PRIMARY KEY (id);


--
-- Name: auth_user_user_permissions auth_user_user_permissions_pkey; Type: CONSTRAINT; Schema: public; Owner: postgres
--

ALTER TABLE ONLY public.auth_user_user_permissions
    ADD CONSTRAINT auth_user_user_permissions_pkey PRIMARY KEY (id);


--
-- Name: auth_user_user_permissions auth_user_user_permissions_user_id_permission_id_14a6b632_uniq; Type: CONSTRAINT; Schema: public; Owner: postgres
--

ALTER TABLE ONLY public.auth_user_user_permissions
    ADD CONSTRAINT auth_user_user_permissions_user_id_permission_id_14a6b632_uniq UNIQUE (user_id, permission_id);


--
-- Name: auth_user auth_user_username_key; Type: CONSTRAINT; Schema: public; Owner: postgres
--

ALTER TABLE ONLY public.auth_user
    ADD CONSTRAINT auth_user_username_key UNIQUE (username);


--
-- Name: cms_aliaspluginmodel cms_aliaspluginmodel_pkey; Type: CONSTRAINT; Schema: public; Owner: postgres
--

ALTER TABLE ONLY public.cms_aliaspluginmodel
    ADD CONSTRAINT cms_aliaspluginmodel_pkey PRIMARY KEY (cmsplugin_ptr_id);


--
-- Name: cms_cmsplugin cms_cmsplugin_pkey; Type: CONSTRAINT; Schema: public; Owner: postgres
--

ALTER TABLE ONLY public.cms_cmsplugin
    ADD CONSTRAINT cms_cmsplugin_pkey PRIMARY KEY (id);


--
-- Name: cms_cmsplugin cms_cmsplugin_placeholder_id_language_position_bad60ebe_uniq; Type: CONSTRAINT; Schema: public; Owner: postgres
--

ALTER TABLE ONLY public.cms_cmsplugin
    ADD CONSTRAINT cms_cmsplugin_placeholder_id_language_position_bad60ebe_uniq UNIQUE (placeholder_id, language, "position");


--
-- Name: cms_globalpagepermission_sites cms_globalpagepermission_globalpagepermission_id__db684f41_uniq; Type: CONSTRAINT; Schema: public; Owner: postgres
--

ALTER TABLE ONLY public.cms_globalpagepermission_sites
    ADD CONSTRAINT cms_globalpagepermission_globalpagepermission_id__db684f41_uniq UNIQUE (globalpagepermission_id, site_id);


--
-- Name: cms_globalpagepermission cms_globalpagepermission_pkey; Type: CONSTRAINT; Schema: public; Owner: postgres
--

ALTER TABLE ONLY public.cms_globalpagepermission
    ADD CONSTRAINT cms_globalpagepermission_pkey PRIMARY KEY (id);


--
-- Name: cms_globalpagepermission_sites cms_globalpagepermission_sites_pkey; Type: CONSTRAINT; Schema: public; Owner: postgres
--

ALTER TABLE ONLY public.cms_globalpagepermission_sites
    ADD CONSTRAINT cms_globalpagepermission_sites_pkey PRIMARY KEY (id);


--
-- Name: cms_page cms_page_pkey; Type: CONSTRAINT; Schema: public; Owner: postgres
--

ALTER TABLE ONLY public.cms_page
    ADD CONSTRAINT cms_page_pkey PRIMARY KEY (id);


--
-- Name: cms_pagepermission cms_pagepermission_pkey; Type: CONSTRAINT; Schema: public; Owner: postgres
--

ALTER TABLE ONLY public.cms_pagepermission
    ADD CONSTRAINT cms_pagepermission_pkey PRIMARY KEY (id);


--
-- Name: cms_pageurl cms_pageurl_pkey; Type: CONSTRAINT; Schema: public; Owner: postgres
--

ALTER TABLE ONLY public.cms_pageurl
    ADD CONSTRAINT cms_pageurl_pkey PRIMARY KEY (id);


--
-- Name: cms_pageuser cms_pageuser_pkey; Type: CONSTRAINT; Schema: public; Owner: postgres
--

ALTER TABLE ONLY public.cms_pageuser
    ADD CONSTRAINT cms_pageuser_pkey PRIMARY KEY (user_ptr_id);


--
-- Name: cms_pageusergroup cms_pageusergroup_pkey; Type: CONSTRAINT; Schema: public; Owner: postgres
--

ALTER TABLE ONLY public.cms_pageusergroup
    ADD CONSTRAINT cms_pageusergroup_pkey PRIMARY KEY (group_ptr_id);


--
-- Name: cms_placeholder cms_placeholder_pkey; Type: CONSTRAINT; Schema: public; Owner: postgres
--

ALTER TABLE ONLY public.cms_placeholder
    ADD CONSTRAINT cms_placeholder_pkey PRIMARY KEY (id);


--
-- Name: cms_placeholderreference cms_placeholderreference_pkey; Type: CONSTRAINT; Schema: public; Owner: postgres
--

ALTER TABLE ONLY public.cms_placeholderreference
    ADD CONSTRAINT cms_placeholderreference_pkey PRIMARY KEY (cmsplugin_ptr_id);


--
-- Name: cms_staticplaceholder cms_staticplaceholder_code_site_id_21ba079c_uniq; Type: CONSTRAINT; Schema: public; Owner: postgres
--

ALTER TABLE ONLY public.cms_staticplaceholder
    ADD CONSTRAINT cms_staticplaceholder_code_site_id_21ba079c_uniq UNIQUE (code, site_id);


--
-- Name: cms_staticplaceholder cms_staticplaceholder_pkey; Type: CONSTRAINT; Schema: public; Owner: postgres
--

ALTER TABLE ONLY public.cms_staticplaceholder
    ADD CONSTRAINT cms_staticplaceholder_pkey PRIMARY KEY (id);


--
-- Name: cms_pagecontent cms_title_pkey; Type: CONSTRAINT; Schema: public; Owner: postgres
--

ALTER TABLE ONLY public.cms_pagecontent
    ADD CONSTRAINT cms_title_pkey PRIMARY KEY (id);


--
-- Name: cms_treenode cms_treenode_path_key; Type: CONSTRAINT; Schema: public; Owner: postgres
--

ALTER TABLE ONLY public.cms_treenode
    ADD CONSTRAINT cms_treenode_path_key UNIQUE (path);


--
-- Name: cms_treenode cms_treenode_pkey; Type: CONSTRAINT; Schema: public; Owner: postgres
--

ALTER TABLE ONLY public.cms_treenode
    ADD CONSTRAINT cms_treenode_pkey PRIMARY KEY (id);


--
-- Name: cms_urlconfrevision cms_urlconfrevision_pkey; Type: CONSTRAINT; Schema: public; Owner: postgres
--

ALTER TABLE ONLY public.cms_urlconfrevision
    ADD CONSTRAINT cms_urlconfrevision_pkey PRIMARY KEY (id);


--
-- Name: cms_usersettings cms_usersettings_pkey; Type: CONSTRAINT; Schema: public; Owner: postgres
--

ALTER TABLE ONLY public.cms_usersettings
    ADD CONSTRAINT cms_usersettings_pkey PRIMARY KEY (id);


--
-- Name: cms_usersettings cms_usersettings_user_id_key; Type: CONSTRAINT; Schema: public; Owner: postgres
--

ALTER TABLE ONLY public.cms_usersettings
    ADD CONSTRAINT cms_usersettings_user_id_key UNIQUE (user_id);


--
-- Name: django_admin_log django_admin_log_pkey; Type: CONSTRAINT; Schema: public; Owner: postgres
--

ALTER TABLE ONLY public.django_admin_log
    ADD CONSTRAINT django_admin_log_pkey PRIMARY KEY (id);


--
-- Name: django_content_type django_content_type_app_label_model_76bd3d3b_uniq; Type: CONSTRAINT; Schema: public; Owner: postgres
--

ALTER TABLE ONLY public.django_content_type
    ADD CONSTRAINT django_content_type_app_label_model_76bd3d3b_uniq UNIQUE (app_label, model);


--
-- Name: django_content_type django_content_type_pkey; Type: CONSTRAINT; Schema: public; Owner: postgres
--

ALTER TABLE ONLY public.django_content_type
    ADD CONSTRAINT django_content_type_pkey PRIMARY KEY (id);


--
-- Name: django_migrations django_migrations_pkey; Type: CONSTRAINT; Schema: public; Owner: postgres
--

ALTER TABLE ONLY public.django_migrations
    ADD CONSTRAINT django_migrations_pkey PRIMARY KEY (id);


--
-- Name: django_session django_session_pkey; Type: CONSTRAINT; Schema: public; Owner: postgres
--

ALTER TABLE ONLY public.django_session
    ADD CONSTRAINT django_session_pkey PRIMARY KEY (session_key);


--
-- Name: django_site django_site_domain_a2e37b91_uniq; Type: CONSTRAINT; Schema: public; Owner: postgres
--

ALTER TABLE ONLY public.django_site
    ADD CONSTRAINT django_site_domain_a2e37b91_uniq UNIQUE (domain);


--
-- Name: django_site django_site_pkey; Type: CONSTRAINT; Schema: public; Owner: postgres
--

ALTER TABLE ONLY public.django_site
    ADD CONSTRAINT django_site_pkey PRIMARY KEY (id);


--
-- Name: djangocms_alias_alias djangocms_alias_alias_pkey; Type: CONSTRAINT; Schema: public; Owner: postgres
--

ALTER TABLE ONLY public.djangocms_alias_alias
    ADD CONSTRAINT djangocms_alias_alias_pkey PRIMARY KEY (id);


--
-- Name: djangocms_alias_alias djangocms_alias_alias_static_code_site_id_e5afbc06_uniq; Type: CONSTRAINT; Schema: public; Owner: postgres
--

ALTER TABLE ONLY public.djangocms_alias_alias
    ADD CONSTRAINT djangocms_alias_alias_static_code_site_id_e5afbc06_uniq UNIQUE (static_code, site_id);


--
-- Name: djangocms_alias_aliascontent djangocms_alias_aliascontent_pkey; Type: CONSTRAINT; Schema: public; Owner: postgres
--

ALTER TABLE ONLY public.djangocms_alias_aliascontent
    ADD CONSTRAINT djangocms_alias_aliascontent_pkey PRIMARY KEY (id);


--
-- Name: djangocms_alias_aliasplugin djangocms_alias_aliasplugin_pkey; Type: CONSTRAINT; Schema: public; Owner: postgres
--

ALTER TABLE ONLY public.djangocms_alias_aliasplugin
    ADD CONSTRAINT djangocms_alias_aliasplugin_pkey PRIMARY KEY (cmsplugin_ptr_id);


--
-- Name: djangocms_alias_category_translation djangocms_alias_category_language_code_master_id_9df3b1ff_uniq; Type: CONSTRAINT; Schema: public; Owner: postgres
--

ALTER TABLE ONLY public.djangocms_alias_category_translation
    ADD CONSTRAINT djangocms_alias_category_language_code_master_id_9df3b1ff_uniq UNIQUE (language_code, master_id);


--
-- Name: djangocms_alias_category_translation djangocms_alias_category_name_language_code_45c565e3_uniq; Type: CONSTRAINT; Schema: public; Owner: postgres
--

ALTER TABLE ONLY public.djangocms_alias_category_translation
    ADD CONSTRAINT djangocms_alias_category_name_language_code_45c565e3_uniq UNIQUE (name, language_code);


--
-- Name: djangocms_alias_category djangocms_alias_category_pkey; Type: CONSTRAINT; Schema: public; Owner: postgres
--

ALTER TABLE ONLY public.djangocms_alias_category
    ADD CONSTRAINT djangocms_alias_category_pkey PRIMARY KEY (id);


--
-- Name: djangocms_alias_category_translation djangocms_alias_category_translation_pkey; Type: CONSTRAINT; Schema: public; Owner: postgres
--

ALTER TABLE ONLY public.djangocms_alias_category_translation
    ADD CONSTRAINT djangocms_alias_category_translation_pkey PRIMARY KEY (id);


--
-- Name: djangocms_frontend_frontenduiitem djangocms_frontend_frontenduiitem_pkey; Type: CONSTRAINT; Schema: public; Owner: postgres
--

ALTER TABLE ONLY public.djangocms_frontend_frontenduiitem
    ADD CONSTRAINT djangocms_frontend_frontenduiitem_pkey PRIMARY KEY (cmsplugin_ptr_id);


--
-- Name: djangocms_text_ckeditor_text djangocms_text_ckeditor_text_pkey; Type: CONSTRAINT; Schema: public; Owner: postgres
--

ALTER TABLE ONLY public.djangocms_text_ckeditor_text
    ADD CONSTRAINT djangocms_text_ckeditor_text_pkey PRIMARY KEY (cmsplugin_ptr_id);


--
-- Name: djangocms_versioning_statetracking djangocms_versioning_statetracking_pkey; Type: CONSTRAINT; Schema: public; Owner: postgres
--

ALTER TABLE ONLY public.djangocms_versioning_statetracking
    ADD CONSTRAINT djangocms_versioning_statetracking_pkey PRIMARY KEY (id);


--
-- Name: djangocms_versioning_version djangocms_versioning_ver_content_type_id_object_i_fac3dca5_uniq; Type: CONSTRAINT; Schema: public; Owner: postgres
--

ALTER TABLE ONLY public.djangocms_versioning_version
    ADD CONSTRAINT djangocms_versioning_ver_content_type_id_object_i_fac3dca5_uniq UNIQUE (content_type_id, object_id);


--
-- Name: djangocms_versioning_version djangocms_versioning_version_pkey; Type: CONSTRAINT; Schema: public; Owner: postgres
--

ALTER TABLE ONLY public.djangocms_versioning_version
    ADD CONSTRAINT djangocms_versioning_version_pkey PRIMARY KEY (id);


--
-- Name: easy_thumbnails_source easy_thumbnails_source_pkey; Type: CONSTRAINT; Schema: public; Owner: postgres
--

ALTER TABLE ONLY public.easy_thumbnails_source
    ADD CONSTRAINT easy_thumbnails_source_pkey PRIMARY KEY (id);


--
-- Name: easy_thumbnails_source easy_thumbnails_source_storage_hash_name_481ce32d_uniq; Type: CONSTRAINT; Schema: public; Owner: postgres
--

ALTER TABLE ONLY public.easy_thumbnails_source
    ADD CONSTRAINT easy_thumbnails_source_storage_hash_name_481ce32d_uniq UNIQUE (storage_hash, name);


--
-- Name: easy_thumbnails_thumbnail easy_thumbnails_thumbnai_storage_hash_name_source_fb375270_uniq; Type: CONSTRAINT; Schema: public; Owner: postgres
--

ALTER TABLE ONLY public.easy_thumbnails_thumbnail
    ADD CONSTRAINT easy_thumbnails_thumbnai_storage_hash_name_source_fb375270_uniq UNIQUE (storage_hash, name, source_id);


--
-- Name: easy_thumbnails_thumbnail easy_thumbnails_thumbnail_pkey; Type: CONSTRAINT; Schema: public; Owner: postgres
--

ALTER TABLE ONLY public.easy_thumbnails_thumbnail
    ADD CONSTRAINT easy_thumbnails_thumbnail_pkey PRIMARY KEY (id);


--
-- Name: easy_thumbnails_thumbnaildimensions easy_thumbnails_thumbnaildimensions_pkey; Type: CONSTRAINT; Schema: public; Owner: postgres
--

ALTER TABLE ONLY public.easy_thumbnails_thumbnaildimensions
    ADD CONSTRAINT easy_thumbnails_thumbnaildimensions_pkey PRIMARY KEY (id);


--
-- Name: easy_thumbnails_thumbnaildimensions easy_thumbnails_thumbnaildimensions_thumbnail_id_key; Type: CONSTRAINT; Schema: public; Owner: postgres
--

ALTER TABLE ONLY public.easy_thumbnails_thumbnaildimensions
    ADD CONSTRAINT easy_thumbnails_thumbnaildimensions_thumbnail_id_key UNIQUE (thumbnail_id);


--
-- Name: filer_clipboard filer_clipboard_pkey; Type: CONSTRAINT; Schema: public; Owner: postgres
--

ALTER TABLE ONLY public.filer_clipboard
    ADD CONSTRAINT filer_clipboard_pkey PRIMARY KEY (id);


--
-- Name: filer_clipboarditem filer_clipboarditem_pkey; Type: CONSTRAINT; Schema: public; Owner: postgres
--

ALTER TABLE ONLY public.filer_clipboarditem
    ADD CONSTRAINT filer_clipboarditem_pkey PRIMARY KEY (id);


--
-- Name: filer_file filer_file_pkey; Type: CONSTRAINT; Schema: public; Owner: postgres
--

ALTER TABLE ONLY public.filer_file
    ADD CONSTRAINT filer_file_pkey PRIMARY KEY (id);


--
-- Name: filer_folder filer_folder_parent_id_name_bc773258_uniq; Type: CONSTRAINT; Schema: public; Owner: postgres
--

ALTER TABLE ONLY public.filer_folder
    ADD CONSTRAINT filer_folder_parent_id_name_bc773258_uniq UNIQUE (parent_id, name);


--
-- Name: filer_folder filer_folder_pkey; Type: CONSTRAINT; Schema: public; Owner: postgres
--

ALTER TABLE ONLY public.filer_folder
    ADD CONSTRAINT filer_folder_pkey PRIMARY KEY (id);


--
-- Name: filer_folderpermission filer_folderpermission_pkey; Type: CONSTRAINT; Schema: public; Owner: postgres
--

ALTER TABLE ONLY public.filer_folderpermission
    ADD CONSTRAINT filer_folderpermission_pkey PRIMARY KEY (id);


--
-- Name: filer_image filer_image_pkey; Type: CONSTRAINT; Schema: public; Owner: postgres
--

ALTER TABLE ONLY public.filer_image
    ADD CONSTRAINT filer_image_pkey PRIMARY KEY (file_ptr_id);


--
-- Name: filer_thumbnailoption filer_thumbnailoption_pkey; Type: CONSTRAINT; Schema: public; Owner: postgres
--

ALTER TABLE ONLY public.filer_thumbnailoption
    ADD CONSTRAINT filer_thumbnailoption_pkey PRIMARY KEY (id);


--
-- Name: menus_cachekey menus_cachekey_pkey; Type: CONSTRAINT; Schema: public; Owner: postgres
--

ALTER TABLE ONLY public.menus_cachekey
    ADD CONSTRAINT menus_cachekey_pkey PRIMARY KEY (id);


--
-- Name: portfolio_project portfolio_project_pkey; Type: CONSTRAINT; Schema: public; Owner: postgres
--

ALTER TABLE ONLY public.portfolio_project
    ADD CONSTRAINT portfolio_project_pkey PRIMARY KEY (id);


--
-- Name: portfolio_project portfolio_project_slug_key; Type: CONSTRAINT; Schema: public; Owner: postgres
--

ALTER TABLE ONLY public.portfolio_project
    ADD CONSTRAINT portfolio_project_slug_key UNIQUE (slug);


--
-- Name: portfolio_tag portfolio_tag_pkey; Type: CONSTRAINT; Schema: public; Owner: postgres
--

ALTER TABLE ONLY public.portfolio_tag
    ADD CONSTRAINT portfolio_tag_pkey PRIMARY KEY (id);


--
-- Name: portfolio_tagname portfolio_tagname_pkey; Type: CONSTRAINT; Schema: public; Owner: postgres
--

ALTER TABLE ONLY public.portfolio_tagname
    ADD CONSTRAINT portfolio_tagname_pkey PRIMARY KEY (id);


--
-- Name: portfolio_tagname portfolio_tagname_slug_key; Type: CONSTRAINT; Schema: public; Owner: postgres
--

ALTER TABLE ONLY public.portfolio_tagname
    ADD CONSTRAINT portfolio_tagname_slug_key UNIQUE (slug);


--
-- Name: auth_group_name_a6ea08ec_like; Type: INDEX; Schema: public; Owner: postgres
--

CREATE INDEX auth_group_name_a6ea08ec_like ON public.auth_group USING btree (name varchar_pattern_ops);


--
-- Name: auth_group_permissions_group_id_b120cbf9; Type: INDEX; Schema: public; Owner: postgres
--

CREATE INDEX auth_group_permissions_group_id_b120cbf9 ON public.auth_group_permissions USING btree (group_id);


--
-- Name: auth_group_permissions_permission_id_84c5c92e; Type: INDEX; Schema: public; Owner: postgres
--

CREATE INDEX auth_group_permissions_permission_id_84c5c92e ON public.auth_group_permissions USING btree (permission_id);


--
-- Name: auth_permission_content_type_id_2f476e4b; Type: INDEX; Schema: public; Owner: postgres
--

CREATE INDEX auth_permission_content_type_id_2f476e4b ON public.auth_permission USING btree (content_type_id);


--
-- Name: auth_user_groups_group_id_97559544; Type: INDEX; Schema: public; Owner: postgres
--

CREATE INDEX auth_user_groups_group_id_97559544 ON public.auth_user_groups USING btree (group_id);


--
-- Name: auth_user_groups_user_id_6a12ed8b; Type: INDEX; Schema: public; Owner: postgres
--

CREATE INDEX auth_user_groups_user_id_6a12ed8b ON public.auth_user_groups USING btree (user_id);


--
-- Name: auth_user_user_permissions_permission_id_1fbb5f2c; Type: INDEX; Schema: public; Owner: postgres
--

CREATE INDEX auth_user_user_permissions_permission_id_1fbb5f2c ON public.auth_user_user_permissions USING btree (permission_id);


--
-- Name: auth_user_user_permissions_user_id_a95ead1b; Type: INDEX; Schema: public; Owner: postgres
--

CREATE INDEX auth_user_user_permissions_user_id_a95ead1b ON public.auth_user_user_permissions USING btree (user_id);


--
-- Name: auth_user_username_6821ab7c_like; Type: INDEX; Schema: public; Owner: postgres
--

CREATE INDEX auth_user_username_6821ab7c_like ON public.auth_user USING btree (username varchar_pattern_ops);


--
-- Name: cms_aliaspluginmodel_alias_placeholder_id_6d6e0c8a; Type: INDEX; Schema: public; Owner: postgres
--

CREATE INDEX cms_aliaspluginmodel_alias_placeholder_id_6d6e0c8a ON public.cms_aliaspluginmodel USING btree (alias_placeholder_id);


--
-- Name: cms_aliaspluginmodel_plugin_id_9867676e; Type: INDEX; Schema: public; Owner: postgres
--

CREATE INDEX cms_aliaspluginmodel_plugin_id_9867676e ON public.cms_aliaspluginmodel USING btree (plugin_id);


--
-- Name: cms_cmsplug_placeho_3f2b0f_idx; Type: INDEX; Schema: public; Owner: postgres
--

CREATE INDEX cms_cmsplug_placeho_3f2b0f_idx ON public.cms_cmsplugin USING btree (placeholder_id, language, "position");


--
-- Name: cms_cmsplugin_language_bbea8a48; Type: INDEX; Schema: public; Owner: postgres
--

CREATE INDEX cms_cmsplugin_language_bbea8a48 ON public.cms_cmsplugin USING btree (language);


--
-- Name: cms_cmsplugin_language_bbea8a48_like; Type: INDEX; Schema: public; Owner: postgres
--

CREATE INDEX cms_cmsplugin_language_bbea8a48_like ON public.cms_cmsplugin USING btree (language varchar_pattern_ops);


--
-- Name: cms_cmsplugin_parent_id_fd3bd9dd; Type: INDEX; Schema: public; Owner: postgres
--

CREATE INDEX cms_cmsplugin_parent_id_fd3bd9dd ON public.cms_cmsplugin USING btree (parent_id);


--
-- Name: cms_cmsplugin_placeholder_id_0bfa3b26; Type: INDEX; Schema: public; Owner: postgres
--

CREATE INDEX cms_cmsplugin_placeholder_id_0bfa3b26 ON public.cms_cmsplugin USING btree (placeholder_id);


--
-- Name: cms_cmsplugin_plugin_type_94e96ebf; Type: INDEX; Schema: public; Owner: postgres
--

CREATE INDEX cms_cmsplugin_plugin_type_94e96ebf ON public.cms_cmsplugin USING btree (plugin_type);


--
-- Name: cms_cmsplugin_plugin_type_94e96ebf_like; Type: INDEX; Schema: public; Owner: postgres
--

CREATE INDEX cms_cmsplugin_plugin_type_94e96ebf_like ON public.cms_cmsplugin USING btree (plugin_type varchar_pattern_ops);


--
-- Name: cms_globalpagepermission_group_id_991b4733; Type: INDEX; Schema: public; Owner: postgres
--

CREATE INDEX cms_globalpagepermission_group_id_991b4733 ON public.cms_globalpagepermission USING btree (group_id);


--
-- Name: cms_globalpagepermission_sites_globalpagepermission_id_46bd2681; Type: INDEX; Schema: public; Owner: postgres
--

CREATE INDEX cms_globalpagepermission_sites_globalpagepermission_id_46bd2681 ON public.cms_globalpagepermission_sites USING btree (globalpagepermission_id);


--
-- Name: cms_globalpagepermission_sites_site_id_00460b53; Type: INDEX; Schema: public; Owner: postgres
--

CREATE INDEX cms_globalpagepermission_sites_site_id_00460b53 ON public.cms_globalpagepermission_sites USING btree (site_id);


--
-- Name: cms_globalpagepermission_user_id_a227cee1; Type: INDEX; Schema: public; Owner: postgres
--

CREATE INDEX cms_globalpagepermission_user_id_a227cee1 ON public.cms_globalpagepermission USING btree (user_id);


--
-- Name: cms_page_application_urls_9ef47497; Type: INDEX; Schema: public; Owner: postgres
--

CREATE INDEX cms_page_application_urls_9ef47497 ON public.cms_page USING btree (application_urls);


--
-- Name: cms_page_application_urls_9ef47497_like; Type: INDEX; Schema: public; Owner: postgres
--

CREATE INDEX cms_page_application_urls_9ef47497_like ON public.cms_page USING btree (application_urls varchar_pattern_ops);


--
-- Name: cms_page_is_home_edadca07; Type: INDEX; Schema: public; Owner: postgres
--

CREATE INDEX cms_page_is_home_edadca07 ON public.cms_page USING btree (is_home);


--
-- Name: cms_page_navigation_extenders_c24af8dd; Type: INDEX; Schema: public; Owner: postgres
--

CREATE INDEX cms_page_navigation_extenders_c24af8dd ON public.cms_page USING btree (navigation_extenders);


--
-- Name: cms_page_navigation_extenders_c24af8dd_like; Type: INDEX; Schema: public; Owner: postgres
--

CREATE INDEX cms_page_navigation_extenders_c24af8dd_like ON public.cms_page USING btree (navigation_extenders varchar_pattern_ops);


--
-- Name: cms_page_node_id_c87b85a9; Type: INDEX; Schema: public; Owner: postgres
--

CREATE INDEX cms_page_node_id_c87b85a9 ON public.cms_page USING btree (node_id);


--
-- Name: cms_page_reverse_id_ffc9ede2; Type: INDEX; Schema: public; Owner: postgres
--

CREATE INDEX cms_page_reverse_id_ffc9ede2 ON public.cms_page USING btree (reverse_id);


--
-- Name: cms_page_reverse_id_ffc9ede2_like; Type: INDEX; Schema: public; Owner: postgres
--

CREATE INDEX cms_page_reverse_id_ffc9ede2_like ON public.cms_page USING btree (reverse_id varchar_pattern_ops);


--
-- Name: cms_pagepermission_group_id_af5af193; Type: INDEX; Schema: public; Owner: postgres
--

CREATE INDEX cms_pagepermission_group_id_af5af193 ON public.cms_pagepermission USING btree (group_id);


--
-- Name: cms_pagepermission_page_id_0ae9a163; Type: INDEX; Schema: public; Owner: postgres
--

CREATE INDEX cms_pagepermission_page_id_0ae9a163 ON public.cms_pagepermission USING btree (page_id);


--
-- Name: cms_pagepermission_user_id_0c7d2b3c; Type: INDEX; Schema: public; Owner: postgres
--

CREATE INDEX cms_pagepermission_user_id_0c7d2b3c ON public.cms_pagepermission USING btree (user_id);


--
-- Name: cms_pageurl_language_a10302dc; Type: INDEX; Schema: public; Owner: postgres
--

CREATE INDEX cms_pageurl_language_a10302dc ON public.cms_pageurl USING btree (language);


--
-- Name: cms_pageurl_language_a10302dc_like; Type: INDEX; Schema: public; Owner: postgres
--

CREATE INDEX cms_pageurl_language_a10302dc_like ON public.cms_pageurl USING btree (language varchar_pattern_ops);


--
-- Name: cms_pageurl_page_id_dbf4793a; Type: INDEX; Schema: public; Owner: postgres
--

CREATE INDEX cms_pageurl_page_id_dbf4793a ON public.cms_pageurl USING btree (page_id);


--
-- Name: cms_pageurl_path_9f26e673; Type: INDEX; Schema: public; Owner: postgres
--

CREATE INDEX cms_pageurl_path_9f26e673 ON public.cms_pageurl USING btree (path);


--
-- Name: cms_pageurl_path_9f26e673_like; Type: INDEX; Schema: public; Owner: postgres
--

CREATE INDEX cms_pageurl_path_9f26e673_like ON public.cms_pageurl USING btree (path varchar_pattern_ops);


--
-- Name: cms_pageurl_slug_f8d42287; Type: INDEX; Schema: public; Owner: postgres
--

CREATE INDEX cms_pageurl_slug_f8d42287 ON public.cms_pageurl USING btree (slug);


--
-- Name: cms_pageurl_slug_f8d42287_like; Type: INDEX; Schema: public; Owner: postgres
--

CREATE INDEX cms_pageurl_slug_f8d42287_like ON public.cms_pageurl USING btree (slug varchar_pattern_ops);


--
-- Name: cms_pageuser_created_by_id_8e9fbf83; Type: INDEX; Schema: public; Owner: postgres
--

CREATE INDEX cms_pageuser_created_by_id_8e9fbf83 ON public.cms_pageuser USING btree (created_by_id);


--
-- Name: cms_pageusergroup_created_by_id_7d57fa39; Type: INDEX; Schema: public; Owner: postgres
--

CREATE INDEX cms_pageusergroup_created_by_id_7d57fa39 ON public.cms_pageusergroup USING btree (created_by_id);


--
-- Name: cms_placeholder_content_type_id_a7659d9c; Type: INDEX; Schema: public; Owner: postgres
--

CREATE INDEX cms_placeholder_content_type_id_a7659d9c ON public.cms_placeholder USING btree (content_type_id);


--
-- Name: cms_placeholder_slot_0bc04d21; Type: INDEX; Schema: public; Owner: postgres
--

CREATE INDEX cms_placeholder_slot_0bc04d21 ON public.cms_placeholder USING btree (slot);


--
-- Name: cms_placeholder_slot_0bc04d21_like; Type: INDEX; Schema: public; Owner: postgres
--

CREATE INDEX cms_placeholder_slot_0bc04d21_like ON public.cms_placeholder USING btree (slot varchar_pattern_ops);


--
-- Name: cms_placeholderreference_placeholder_ref_id_244759b1; Type: INDEX; Schema: public; Owner: postgres
--

CREATE INDEX cms_placeholderreference_placeholder_ref_id_244759b1 ON public.cms_placeholderreference USING btree (placeholder_ref_id);


--
-- Name: cms_staticplaceholder_draft_id_5aee407b; Type: INDEX; Schema: public; Owner: postgres
--

CREATE INDEX cms_staticplaceholder_draft_id_5aee407b ON public.cms_staticplaceholder USING btree (draft_id);


--
-- Name: cms_staticplaceholder_public_id_876aaa66; Type: INDEX; Schema: public; Owner: postgres
--

CREATE INDEX cms_staticplaceholder_public_id_876aaa66 ON public.cms_staticplaceholder USING btree (public_id);


--
-- Name: cms_staticplaceholder_site_id_dc6a85b6; Type: INDEX; Schema: public; Owner: postgres
--

CREATE INDEX cms_staticplaceholder_site_id_dc6a85b6 ON public.cms_staticplaceholder USING btree (site_id);


--
-- Name: cms_title_in_navigation_e2463722; Type: INDEX; Schema: public; Owner: postgres
--

CREATE INDEX cms_title_in_navigation_e2463722 ON public.cms_pagecontent USING btree (in_navigation);


--
-- Name: cms_title_language_50a0dfa1; Type: INDEX; Schema: public; Owner: postgres
--

CREATE INDEX cms_title_language_50a0dfa1 ON public.cms_pagecontent USING btree (language);


--
-- Name: cms_title_language_50a0dfa1_like; Type: INDEX; Schema: public; Owner: postgres
--

CREATE INDEX cms_title_language_50a0dfa1_like ON public.cms_pagecontent USING btree (language varchar_pattern_ops);


--
-- Name: cms_title_limit_visibility_in_menu_762b16e3; Type: INDEX; Schema: public; Owner: postgres
--

CREATE INDEX cms_title_limit_visibility_in_menu_762b16e3 ON public.cms_pagecontent USING btree (limit_visibility_in_menu);


--
-- Name: cms_title_page_id_5fade2a3; Type: INDEX; Schema: public; Owner: postgres
--

CREATE INDEX cms_title_page_id_5fade2a3 ON public.cms_pagecontent USING btree (page_id);


--
-- Name: cms_title_soft_root_45486e51; Type: INDEX; Schema: public; Owner: postgres
--

CREATE INDEX cms_title_soft_root_45486e51 ON public.cms_pagecontent USING btree (soft_root);


--
-- Name: cms_treenode_parent_id_59bb02c4; Type: INDEX; Schema: public; Owner: postgres
--

CREATE INDEX cms_treenode_parent_id_59bb02c4 ON public.cms_treenode USING btree (parent_id);


--
-- Name: cms_treenode_path_6eb22885_like; Type: INDEX; Schema: public; Owner: postgres
--

CREATE INDEX cms_treenode_path_6eb22885_like ON public.cms_treenode USING btree (path varchar_pattern_ops);


--
-- Name: cms_treenode_site_id_d3f46985; Type: INDEX; Schema: public; Owner: postgres
--

CREATE INDEX cms_treenode_site_id_d3f46985 ON public.cms_treenode USING btree (site_id);


--
-- Name: cms_usersettings_clipboard_id_3ae17c19; Type: INDEX; Schema: public; Owner: postgres
--

CREATE INDEX cms_usersettings_clipboard_id_3ae17c19 ON public.cms_usersettings USING btree (clipboard_id);


--
-- Name: django_admin_log_content_type_id_c4bce8eb; Type: INDEX; Schema: public; Owner: postgres
--

CREATE INDEX django_admin_log_content_type_id_c4bce8eb ON public.django_admin_log USING btree (content_type_id);


--
-- Name: django_admin_log_user_id_c564eba6; Type: INDEX; Schema: public; Owner: postgres
--

CREATE INDEX django_admin_log_user_id_c564eba6 ON public.django_admin_log USING btree (user_id);


--
-- Name: django_session_expire_date_a5c62663; Type: INDEX; Schema: public; Owner: postgres
--

CREATE INDEX django_session_expire_date_a5c62663 ON public.django_session USING btree (expire_date);


--
-- Name: django_session_session_key_c0390e0f_like; Type: INDEX; Schema: public; Owner: postgres
--

CREATE INDEX django_session_session_key_c0390e0f_like ON public.django_session USING btree (session_key varchar_pattern_ops);


--
-- Name: django_site_domain_a2e37b91_like; Type: INDEX; Schema: public; Owner: postgres
--

CREATE INDEX django_site_domain_a2e37b91_like ON public.django_site USING btree (domain varchar_pattern_ops);


--
-- Name: djangocms_alias_alias_category_id_96da6da6; Type: INDEX; Schema: public; Owner: postgres
--

CREATE INDEX djangocms_alias_alias_category_id_96da6da6 ON public.djangocms_alias_alias USING btree (category_id);


--
-- Name: djangocms_alias_alias_site_id_d4e42897; Type: INDEX; Schema: public; Owner: postgres
--

CREATE INDEX djangocms_alias_alias_site_id_d4e42897 ON public.djangocms_alias_alias USING btree (site_id);


--
-- Name: djangocms_alias_aliascontent_alias_id_e36dc314; Type: INDEX; Schema: public; Owner: postgres
--

CREATE INDEX djangocms_alias_aliascontent_alias_id_e36dc314 ON public.djangocms_alias_aliascontent USING btree (alias_id);


--
-- Name: djangocms_alias_aliasplugin_alias_id_d425895e; Type: INDEX; Schema: public; Owner: postgres
--

CREATE INDEX djangocms_alias_aliasplugin_alias_id_d425895e ON public.djangocms_alias_aliasplugin USING btree (alias_id);


--
-- Name: djangocms_alias_category_language_code_95644158_like; Type: INDEX; Schema: public; Owner: postgres
--

CREATE INDEX djangocms_alias_category_language_code_95644158_like ON public.djangocms_alias_category_translation USING btree (language_code varchar_pattern_ops);


--
-- Name: djangocms_alias_category_translation_language_code_95644158; Type: INDEX; Schema: public; Owner: postgres
--

CREATE INDEX djangocms_alias_category_translation_language_code_95644158 ON public.djangocms_alias_category_translation USING btree (language_code);


--
-- Name: djangocms_alias_category_translation_master_id_65c3ac44; Type: INDEX; Schema: public; Owner: postgres
--

CREATE INDEX djangocms_alias_category_translation_master_id_65c3ac44 ON public.djangocms_alias_category_translation USING btree (master_id);


--
-- Name: djangocms_versioning_statetracking_user_id_93cc4ccb; Type: INDEX; Schema: public; Owner: postgres
--

CREATE INDEX djangocms_versioning_statetracking_user_id_93cc4ccb ON public.djangocms_versioning_statetracking USING btree (user_id);


--
-- Name: djangocms_versioning_statetracking_version_id_bda1e5ca; Type: INDEX; Schema: public; Owner: postgres
--

CREATE INDEX djangocms_versioning_statetracking_version_id_bda1e5ca ON public.djangocms_versioning_statetracking USING btree (version_id);


--
-- Name: djangocms_versioning_version_content_type_id_04f95e7d; Type: INDEX; Schema: public; Owner: postgres
--

CREATE INDEX djangocms_versioning_version_content_type_id_04f95e7d ON public.djangocms_versioning_version USING btree (content_type_id);


--
-- Name: djangocms_versioning_version_created_by_id_0a7b7c9d; Type: INDEX; Schema: public; Owner: postgres
--

CREATE INDEX djangocms_versioning_version_created_by_id_0a7b7c9d ON public.djangocms_versioning_version USING btree (created_by_id);


--
-- Name: djangocms_versioning_version_locked_by_id_87332f7c; Type: INDEX; Schema: public; Owner: postgres
--

CREATE INDEX djangocms_versioning_version_locked_by_id_87332f7c ON public.djangocms_versioning_version USING btree (locked_by_id);


--
-- Name: djangocms_versioning_version_source_id_d0664b18; Type: INDEX; Schema: public; Owner: postgres
--

CREATE INDEX djangocms_versioning_version_source_id_d0664b18 ON public.djangocms_versioning_version USING btree (source_id);


--
-- Name: easy_thumbnails_source_name_5fe0edc6; Type: INDEX; Schema: public; Owner: postgres
--

CREATE INDEX easy_thumbnails_source_name_5fe0edc6 ON public.easy_thumbnails_source USING btree (name);


--
-- Name: easy_thumbnails_source_name_5fe0edc6_like; Type: INDEX; Schema: public; Owner: postgres
--

CREATE INDEX easy_thumbnails_source_name_5fe0edc6_like ON public.easy_thumbnails_source USING btree (name varchar_pattern_ops);


--
-- Name: easy_thumbnails_source_storage_hash_946cbcc9; Type: INDEX; Schema: public; Owner: postgres
--

CREATE INDEX easy_thumbnails_source_storage_hash_946cbcc9 ON public.easy_thumbnails_source USING btree (storage_hash);


--
-- Name: easy_thumbnails_source_storage_hash_946cbcc9_like; Type: INDEX; Schema: public; Owner: postgres
--

CREATE INDEX easy_thumbnails_source_storage_hash_946cbcc9_like ON public.easy_thumbnails_source USING btree (storage_hash varchar_pattern_ops);


--
-- Name: easy_thumbnails_thumbnail_name_b5882c31; Type: INDEX; Schema: public; Owner: postgres
--

CREATE INDEX easy_thumbnails_thumbnail_name_b5882c31 ON public.easy_thumbnails_thumbnail USING btree (name);


--
-- Name: easy_thumbnails_thumbnail_name_b5882c31_like; Type: INDEX; Schema: public; Owner: postgres
--

CREATE INDEX easy_thumbnails_thumbnail_name_b5882c31_like ON public.easy_thumbnails_thumbnail USING btree (name varchar_pattern_ops);


--
-- Name: easy_thumbnails_thumbnail_source_id_5b57bc77; Type: INDEX; Schema: public; Owner: postgres
--

CREATE INDEX easy_thumbnails_thumbnail_source_id_5b57bc77 ON public.easy_thumbnails_thumbnail USING btree (source_id);


--
-- Name: easy_thumbnails_thumbnail_storage_hash_f1435f49; Type: INDEX; Schema: public; Owner: postgres
--

CREATE INDEX easy_thumbnails_thumbnail_storage_hash_f1435f49 ON public.easy_thumbnails_thumbnail USING btree (storage_hash);


--
-- Name: easy_thumbnails_thumbnail_storage_hash_f1435f49_like; Type: INDEX; Schema: public; Owner: postgres
--

CREATE INDEX easy_thumbnails_thumbnail_storage_hash_f1435f49_like ON public.easy_thumbnails_thumbnail USING btree (storage_hash varchar_pattern_ops);


--
-- Name: filer_clipboard_user_id_b52ff0bc; Type: INDEX; Schema: public; Owner: postgres
--

CREATE INDEX filer_clipboard_user_id_b52ff0bc ON public.filer_clipboard USING btree (user_id);


--
-- Name: filer_clipboarditem_clipboard_id_7a76518b; Type: INDEX; Schema: public; Owner: postgres
--

CREATE INDEX filer_clipboarditem_clipboard_id_7a76518b ON public.filer_clipboarditem USING btree (clipboard_id);


--
-- Name: filer_clipboarditem_file_id_06196f80; Type: INDEX; Schema: public; Owner: postgres
--

CREATE INDEX filer_clipboarditem_file_id_06196f80 ON public.filer_clipboarditem USING btree (file_id);


--
-- Name: filer_file_folder_id_af803bbb; Type: INDEX; Schema: public; Owner: postgres
--

CREATE INDEX filer_file_folder_id_af803bbb ON public.filer_file USING btree (folder_id);


--
-- Name: filer_file_owner_id_b9e32671; Type: INDEX; Schema: public; Owner: postgres
--

CREATE INDEX filer_file_owner_id_b9e32671 ON public.filer_file USING btree (owner_id);


--
-- Name: filer_file_polymorphic_ctype_id_f44903c1; Type: INDEX; Schema: public; Owner: postgres
--

CREATE INDEX filer_file_polymorphic_ctype_id_f44903c1 ON public.filer_file USING btree (polymorphic_ctype_id);


--
-- Name: filer_folder_owner_id_be530fb4; Type: INDEX; Schema: public; Owner: postgres
--

CREATE INDEX filer_folder_owner_id_be530fb4 ON public.filer_folder USING btree (owner_id);


--
-- Name: filer_folder_parent_id_308aecda; Type: INDEX; Schema: public; Owner: postgres
--

CREATE INDEX filer_folder_parent_id_308aecda ON public.filer_folder USING btree (parent_id);


--
-- Name: filer_folderpermission_folder_id_5d02f1da; Type: INDEX; Schema: public; Owner: postgres
--

CREATE INDEX filer_folderpermission_folder_id_5d02f1da ON public.filer_folderpermission USING btree (folder_id);


--
-- Name: filer_folderpermission_group_id_8901bafa; Type: INDEX; Schema: public; Owner: postgres
--

CREATE INDEX filer_folderpermission_group_id_8901bafa ON public.filer_folderpermission USING btree (group_id);


--
-- Name: filer_folderpermission_user_id_7673d4b6; Type: INDEX; Schema: public; Owner: postgres
--

CREATE INDEX filer_folderpermission_user_id_7673d4b6 ON public.filer_folderpermission USING btree (user_id);


--
-- Name: portfolio_project_slug_43fe0722_like; Type: INDEX; Schema: public; Owner: postgres
--

CREATE INDEX portfolio_project_slug_43fe0722_like ON public.portfolio_project USING btree (slug varchar_pattern_ops);


--
-- Name: portfolio_tag_project_id_ad26889a; Type: INDEX; Schema: public; Owner: postgres
--

CREATE INDEX portfolio_tag_project_id_ad26889a ON public.portfolio_tag USING btree (project_id);


--
-- Name: portfolio_tag_tag_id_61dbb816; Type: INDEX; Schema: public; Owner: postgres
--

CREATE INDEX portfolio_tag_tag_id_61dbb816 ON public.portfolio_tag USING btree (tag_id);


--
-- Name: portfolio_tagname_slug_85635fc6_like; Type: INDEX; Schema: public; Owner: postgres
--

CREATE INDEX portfolio_tagname_slug_85635fc6_like ON public.portfolio_tagname USING btree (slug varchar_pattern_ops);


--
-- Name: auth_group_permissions auth_group_permissio_permission_id_84c5c92e_fk_auth_perm; Type: FK CONSTRAINT; Schema: public; Owner: postgres
--

ALTER TABLE ONLY public.auth_group_permissions
    ADD CONSTRAINT auth_group_permissio_permission_id_84c5c92e_fk_auth_perm FOREIGN KEY (permission_id) REFERENCES public.auth_permission(id) DEFERRABLE INITIALLY DEFERRED;


--
-- Name: auth_group_permissions auth_group_permissions_group_id_b120cbf9_fk_auth_group_id; Type: FK CONSTRAINT; Schema: public; Owner: postgres
--

ALTER TABLE ONLY public.auth_group_permissions
    ADD CONSTRAINT auth_group_permissions_group_id_b120cbf9_fk_auth_group_id FOREIGN KEY (group_id) REFERENCES public.auth_group(id) DEFERRABLE INITIALLY DEFERRED;


--
-- Name: auth_permission auth_permission_content_type_id_2f476e4b_fk_django_co; Type: FK CONSTRAINT; Schema: public; Owner: postgres
--

ALTER TABLE ONLY public.auth_permission
    ADD CONSTRAINT auth_permission_content_type_id_2f476e4b_fk_django_co FOREIGN KEY (content_type_id) REFERENCES public.django_content_type(id) DEFERRABLE INITIALLY DEFERRED;


--
-- Name: auth_user_groups auth_user_groups_group_id_97559544_fk_auth_group_id; Type: FK CONSTRAINT; Schema: public; Owner: postgres
--

ALTER TABLE ONLY public.auth_user_groups
    ADD CONSTRAINT auth_user_groups_group_id_97559544_fk_auth_group_id FOREIGN KEY (group_id) REFERENCES public.auth_group(id) DEFERRABLE INITIALLY DEFERRED;


--
-- Name: auth_user_groups auth_user_groups_user_id_6a12ed8b_fk_auth_user_id; Type: FK CONSTRAINT; Schema: public; Owner: postgres
--

ALTER TABLE ONLY public.auth_user_groups
    ADD CONSTRAINT auth_user_groups_user_id_6a12ed8b_fk_auth_user_id FOREIGN KEY (user_id) REFERENCES public.auth_user(id) DEFERRABLE INITIALLY DEFERRED;


--
-- Name: auth_user_user_permissions auth_user_user_permi_permission_id_1fbb5f2c_fk_auth_perm; Type: FK CONSTRAINT; Schema: public; Owner: postgres
--

ALTER TABLE ONLY public.auth_user_user_permissions
    ADD CONSTRAINT auth_user_user_permi_permission_id_1fbb5f2c_fk_auth_perm FOREIGN KEY (permission_id) REFERENCES public.auth_permission(id) DEFERRABLE INITIALLY DEFERRED;


--
-- Name: auth_user_user_permissions auth_user_user_permissions_user_id_a95ead1b_fk_auth_user_id; Type: FK CONSTRAINT; Schema: public; Owner: postgres
--

ALTER TABLE ONLY public.auth_user_user_permissions
    ADD CONSTRAINT auth_user_user_permissions_user_id_a95ead1b_fk_auth_user_id FOREIGN KEY (user_id) REFERENCES public.auth_user(id) DEFERRABLE INITIALLY DEFERRED;


--
-- Name: cms_aliaspluginmodel cms_aliaspluginmodel_alias_placeholder_id_6d6e0c8a_fk_cms_place; Type: FK CONSTRAINT; Schema: public; Owner: postgres
--

ALTER TABLE ONLY public.cms_aliaspluginmodel
    ADD CONSTRAINT cms_aliaspluginmodel_alias_placeholder_id_6d6e0c8a_fk_cms_place FOREIGN KEY (alias_placeholder_id) REFERENCES public.cms_placeholder(id) DEFERRABLE INITIALLY DEFERRED;


--
-- Name: cms_aliaspluginmodel cms_aliaspluginmodel_cmsplugin_ptr_id_f71dfd31_fk_cms_cmspl; Type: FK CONSTRAINT; Schema: public; Owner: postgres
--

ALTER TABLE ONLY public.cms_aliaspluginmodel
    ADD CONSTRAINT cms_aliaspluginmodel_cmsplugin_ptr_id_f71dfd31_fk_cms_cmspl FOREIGN KEY (cmsplugin_ptr_id) REFERENCES public.cms_cmsplugin(id) DEFERRABLE INITIALLY DEFERRED;


--
-- Name: cms_aliaspluginmodel cms_aliaspluginmodel_plugin_id_9867676e_fk_cms_cmsplugin_id; Type: FK CONSTRAINT; Schema: public; Owner: postgres
--

ALTER TABLE ONLY public.cms_aliaspluginmodel
    ADD CONSTRAINT cms_aliaspluginmodel_plugin_id_9867676e_fk_cms_cmsplugin_id FOREIGN KEY (plugin_id) REFERENCES public.cms_cmsplugin(id) DEFERRABLE INITIALLY DEFERRED;


--
-- Name: cms_cmsplugin cms_cmsplugin_parent_id_fd3bd9dd_fk_cms_cmsplugin_id; Type: FK CONSTRAINT; Schema: public; Owner: postgres
--

ALTER TABLE ONLY public.cms_cmsplugin
    ADD CONSTRAINT cms_cmsplugin_parent_id_fd3bd9dd_fk_cms_cmsplugin_id FOREIGN KEY (parent_id) REFERENCES public.cms_cmsplugin(id) DEFERRABLE INITIALLY DEFERRED;


--
-- Name: cms_cmsplugin cms_cmsplugin_placeholder_id_0bfa3b26_fk_cms_placeholder_id; Type: FK CONSTRAINT; Schema: public; Owner: postgres
--

ALTER TABLE ONLY public.cms_cmsplugin
    ADD CONSTRAINT cms_cmsplugin_placeholder_id_0bfa3b26_fk_cms_placeholder_id FOREIGN KEY (placeholder_id) REFERENCES public.cms_placeholder(id) DEFERRABLE INITIALLY DEFERRED;


--
-- Name: cms_globalpagepermission_sites cms_globalpagepermis_globalpagepermission_46bd2681_fk_cms_globa; Type: FK CONSTRAINT; Schema: public; Owner: postgres
--

ALTER TABLE ONLY public.cms_globalpagepermission_sites
    ADD CONSTRAINT cms_globalpagepermis_globalpagepermission_46bd2681_fk_cms_globa FOREIGN KEY (globalpagepermission_id) REFERENCES public.cms_globalpagepermission(id) DEFERRABLE INITIALLY DEFERRED;


--
-- Name: cms_globalpagepermission_sites cms_globalpagepermis_site_id_00460b53_fk_django_si; Type: FK CONSTRAINT; Schema: public; Owner: postgres
--

ALTER TABLE ONLY public.cms_globalpagepermission_sites
    ADD CONSTRAINT cms_globalpagepermis_site_id_00460b53_fk_django_si FOREIGN KEY (site_id) REFERENCES public.django_site(id) DEFERRABLE INITIALLY DEFERRED;


--
-- Name: cms_globalpagepermission cms_globalpagepermission_group_id_991b4733_fk_auth_group_id; Type: FK CONSTRAINT; Schema: public; Owner: postgres
--

ALTER TABLE ONLY public.cms_globalpagepermission
    ADD CONSTRAINT cms_globalpagepermission_group_id_991b4733_fk_auth_group_id FOREIGN KEY (group_id) REFERENCES public.auth_group(id) DEFERRABLE INITIALLY DEFERRED;


--
-- Name: cms_globalpagepermission cms_globalpagepermission_user_id_a227cee1_fk_auth_user_id; Type: FK CONSTRAINT; Schema: public; Owner: postgres
--

ALTER TABLE ONLY public.cms_globalpagepermission
    ADD CONSTRAINT cms_globalpagepermission_user_id_a227cee1_fk_auth_user_id FOREIGN KEY (user_id) REFERENCES public.auth_user(id) DEFERRABLE INITIALLY DEFERRED;


--
-- Name: cms_page cms_page_node_id_c87b85a9_fk_cms_treenode_id; Type: FK CONSTRAINT; Schema: public; Owner: postgres
--

ALTER TABLE ONLY public.cms_page
    ADD CONSTRAINT cms_page_node_id_c87b85a9_fk_cms_treenode_id FOREIGN KEY (node_id) REFERENCES public.cms_treenode(id) DEFERRABLE INITIALLY DEFERRED;


--
-- Name: cms_pagepermission cms_pagepermission_group_id_af5af193_fk_auth_group_id; Type: FK CONSTRAINT; Schema: public; Owner: postgres
--

ALTER TABLE ONLY public.cms_pagepermission
    ADD CONSTRAINT cms_pagepermission_group_id_af5af193_fk_auth_group_id FOREIGN KEY (group_id) REFERENCES public.auth_group(id) DEFERRABLE INITIALLY DEFERRED;


--
-- Name: cms_pagepermission cms_pagepermission_page_id_0ae9a163_fk_cms_page_id; Type: FK CONSTRAINT; Schema: public; Owner: postgres
--

ALTER TABLE ONLY public.cms_pagepermission
    ADD CONSTRAINT cms_pagepermission_page_id_0ae9a163_fk_cms_page_id FOREIGN KEY (page_id) REFERENCES public.cms_page(id) DEFERRABLE INITIALLY DEFERRED;


--
-- Name: cms_pagepermission cms_pagepermission_user_id_0c7d2b3c_fk_auth_user_id; Type: FK CONSTRAINT; Schema: public; Owner: postgres
--

ALTER TABLE ONLY public.cms_pagepermission
    ADD CONSTRAINT cms_pagepermission_user_id_0c7d2b3c_fk_auth_user_id FOREIGN KEY (user_id) REFERENCES public.auth_user(id) DEFERRABLE INITIALLY DEFERRED;


--
-- Name: cms_pageurl cms_pageurl_page_id_dbf4793a_fk_cms_page_id; Type: FK CONSTRAINT; Schema: public; Owner: postgres
--

ALTER TABLE ONLY public.cms_pageurl
    ADD CONSTRAINT cms_pageurl_page_id_dbf4793a_fk_cms_page_id FOREIGN KEY (page_id) REFERENCES public.cms_page(id) DEFERRABLE INITIALLY DEFERRED;


--
-- Name: cms_pageuser cms_pageuser_created_by_id_8e9fbf83_fk_auth_user_id; Type: FK CONSTRAINT; Schema: public; Owner: postgres
--

ALTER TABLE ONLY public.cms_pageuser
    ADD CONSTRAINT cms_pageuser_created_by_id_8e9fbf83_fk_auth_user_id FOREIGN KEY (created_by_id) REFERENCES public.auth_user(id) DEFERRABLE INITIALLY DEFERRED;


--
-- Name: cms_pageuser cms_pageuser_user_ptr_id_b3d65592_fk_auth_user_id; Type: FK CONSTRAINT; Schema: public; Owner: postgres
--

ALTER TABLE ONLY public.cms_pageuser
    ADD CONSTRAINT cms_pageuser_user_ptr_id_b3d65592_fk_auth_user_id FOREIGN KEY (user_ptr_id) REFERENCES public.auth_user(id) DEFERRABLE INITIALLY DEFERRED;


--
-- Name: cms_pageusergroup cms_pageusergroup_created_by_id_7d57fa39_fk_auth_user_id; Type: FK CONSTRAINT; Schema: public; Owner: postgres
--

ALTER TABLE ONLY public.cms_pageusergroup
    ADD CONSTRAINT cms_pageusergroup_created_by_id_7d57fa39_fk_auth_user_id FOREIGN KEY (created_by_id) REFERENCES public.auth_user(id) DEFERRABLE INITIALLY DEFERRED;


--
-- Name: cms_pageusergroup cms_pageusergroup_group_ptr_id_34578d93_fk_auth_group_id; Type: FK CONSTRAINT; Schema: public; Owner: postgres
--

ALTER TABLE ONLY public.cms_pageusergroup
    ADD CONSTRAINT cms_pageusergroup_group_ptr_id_34578d93_fk_auth_group_id FOREIGN KEY (group_ptr_id) REFERENCES public.auth_group(id) DEFERRABLE INITIALLY DEFERRED;


--
-- Name: cms_placeholder cms_placeholder_content_type_id_a7659d9c_fk_django_co; Type: FK CONSTRAINT; Schema: public; Owner: postgres
--

ALTER TABLE ONLY public.cms_placeholder
    ADD CONSTRAINT cms_placeholder_content_type_id_a7659d9c_fk_django_co FOREIGN KEY (content_type_id) REFERENCES public.django_content_type(id) DEFERRABLE INITIALLY DEFERRED;


--
-- Name: cms_placeholderreference cms_placeholderrefer_cmsplugin_ptr_id_6977ec85_fk_cms_cmspl; Type: FK CONSTRAINT; Schema: public; Owner: postgres
--

ALTER TABLE ONLY public.cms_placeholderreference
    ADD CONSTRAINT cms_placeholderrefer_cmsplugin_ptr_id_6977ec85_fk_cms_cmspl FOREIGN KEY (cmsplugin_ptr_id) REFERENCES public.cms_cmsplugin(id) DEFERRABLE INITIALLY DEFERRED;


--
-- Name: cms_placeholderreference cms_placeholderrefer_placeholder_ref_id_244759b1_fk_cms_place; Type: FK CONSTRAINT; Schema: public; Owner: postgres
--

ALTER TABLE ONLY public.cms_placeholderreference
    ADD CONSTRAINT cms_placeholderrefer_placeholder_ref_id_244759b1_fk_cms_place FOREIGN KEY (placeholder_ref_id) REFERENCES public.cms_placeholder(id) DEFERRABLE INITIALLY DEFERRED;


--
-- Name: cms_staticplaceholder cms_staticplaceholder_draft_id_5aee407b_fk_cms_placeholder_id; Type: FK CONSTRAINT; Schema: public; Owner: postgres
--

ALTER TABLE ONLY public.cms_staticplaceholder
    ADD CONSTRAINT cms_staticplaceholder_draft_id_5aee407b_fk_cms_placeholder_id FOREIGN KEY (draft_id) REFERENCES public.cms_placeholder(id) DEFERRABLE INITIALLY DEFERRED;


--
-- Name: cms_staticplaceholder cms_staticplaceholder_public_id_876aaa66_fk_cms_placeholder_id; Type: FK CONSTRAINT; Schema: public; Owner: postgres
--

ALTER TABLE ONLY public.cms_staticplaceholder
    ADD CONSTRAINT cms_staticplaceholder_public_id_876aaa66_fk_cms_placeholder_id FOREIGN KEY (public_id) REFERENCES public.cms_placeholder(id) DEFERRABLE INITIALLY DEFERRED;


--
-- Name: cms_staticplaceholder cms_staticplaceholder_site_id_dc6a85b6_fk_django_site_id; Type: FK CONSTRAINT; Schema: public; Owner: postgres
--

ALTER TABLE ONLY public.cms_staticplaceholder
    ADD CONSTRAINT cms_staticplaceholder_site_id_dc6a85b6_fk_django_site_id FOREIGN KEY (site_id) REFERENCES public.django_site(id) DEFERRABLE INITIALLY DEFERRED;


--
-- Name: cms_pagecontent cms_title_page_id_5fade2a3_fk_cms_page_id; Type: FK CONSTRAINT; Schema: public; Owner: postgres
--

ALTER TABLE ONLY public.cms_pagecontent
    ADD CONSTRAINT cms_title_page_id_5fade2a3_fk_cms_page_id FOREIGN KEY (page_id) REFERENCES public.cms_page(id) DEFERRABLE INITIALLY DEFERRED;


--
-- Name: cms_treenode cms_treenode_parent_id_59bb02c4_fk_cms_treenode_id; Type: FK CONSTRAINT; Schema: public; Owner: postgres
--

ALTER TABLE ONLY public.cms_treenode
    ADD CONSTRAINT cms_treenode_parent_id_59bb02c4_fk_cms_treenode_id FOREIGN KEY (parent_id) REFERENCES public.cms_treenode(id) DEFERRABLE INITIALLY DEFERRED;


--
-- Name: cms_treenode cms_treenode_site_id_d3f46985_fk_django_site_id; Type: FK CONSTRAINT; Schema: public; Owner: postgres
--

ALTER TABLE ONLY public.cms_treenode
    ADD CONSTRAINT cms_treenode_site_id_d3f46985_fk_django_site_id FOREIGN KEY (site_id) REFERENCES public.django_site(id) DEFERRABLE INITIALLY DEFERRED;


--
-- Name: cms_usersettings cms_usersettings_clipboard_id_3ae17c19_fk_cms_placeholder_id; Type: FK CONSTRAINT; Schema: public; Owner: postgres
--

ALTER TABLE ONLY public.cms_usersettings
    ADD CONSTRAINT cms_usersettings_clipboard_id_3ae17c19_fk_cms_placeholder_id FOREIGN KEY (clipboard_id) REFERENCES public.cms_placeholder(id) DEFERRABLE INITIALLY DEFERRED;


--
-- Name: cms_usersettings cms_usersettings_user_id_09633b2d_fk_auth_user_id; Type: FK CONSTRAINT; Schema: public; Owner: postgres
--

ALTER TABLE ONLY public.cms_usersettings
    ADD CONSTRAINT cms_usersettings_user_id_09633b2d_fk_auth_user_id FOREIGN KEY (user_id) REFERENCES public.auth_user(id) DEFERRABLE INITIALLY DEFERRED;


--
-- Name: django_admin_log django_admin_log_content_type_id_c4bce8eb_fk_django_co; Type: FK CONSTRAINT; Schema: public; Owner: postgres
--

ALTER TABLE ONLY public.django_admin_log
    ADD CONSTRAINT django_admin_log_content_type_id_c4bce8eb_fk_django_co FOREIGN KEY (content_type_id) REFERENCES public.django_content_type(id) DEFERRABLE INITIALLY DEFERRED;


--
-- Name: django_admin_log django_admin_log_user_id_c564eba6_fk_auth_user_id; Type: FK CONSTRAINT; Schema: public; Owner: postgres
--

ALTER TABLE ONLY public.django_admin_log
    ADD CONSTRAINT django_admin_log_user_id_c564eba6_fk_auth_user_id FOREIGN KEY (user_id) REFERENCES public.auth_user(id) DEFERRABLE INITIALLY DEFERRED;


--
-- Name: djangocms_alias_aliasplugin djangocms_alias_alia_alias_id_d425895e_fk_djangocms; Type: FK CONSTRAINT; Schema: public; Owner: postgres
--

ALTER TABLE ONLY public.djangocms_alias_aliasplugin
    ADD CONSTRAINT djangocms_alias_alia_alias_id_d425895e_fk_djangocms FOREIGN KEY (alias_id) REFERENCES public.djangocms_alias_alias(id) DEFERRABLE INITIALLY DEFERRED;


--
-- Name: djangocms_alias_aliascontent djangocms_alias_alia_alias_id_e36dc314_fk_djangocms; Type: FK CONSTRAINT; Schema: public; Owner: postgres
--

ALTER TABLE ONLY public.djangocms_alias_aliascontent
    ADD CONSTRAINT djangocms_alias_alia_alias_id_e36dc314_fk_djangocms FOREIGN KEY (alias_id) REFERENCES public.djangocms_alias_alias(id) DEFERRABLE INITIALLY DEFERRED;


--
-- Name: djangocms_alias_alias djangocms_alias_alia_category_id_96da6da6_fk_djangocms; Type: FK CONSTRAINT; Schema: public; Owner: postgres
--

ALTER TABLE ONLY public.djangocms_alias_alias
    ADD CONSTRAINT djangocms_alias_alia_category_id_96da6da6_fk_djangocms FOREIGN KEY (category_id) REFERENCES public.djangocms_alias_category(id) DEFERRABLE INITIALLY DEFERRED;


--
-- Name: djangocms_alias_aliasplugin djangocms_alias_alia_cmsplugin_ptr_id_8d33e4ac_fk_cms_cmspl; Type: FK CONSTRAINT; Schema: public; Owner: postgres
--

ALTER TABLE ONLY public.djangocms_alias_aliasplugin
    ADD CONSTRAINT djangocms_alias_alia_cmsplugin_ptr_id_8d33e4ac_fk_cms_cmspl FOREIGN KEY (cmsplugin_ptr_id) REFERENCES public.cms_cmsplugin(id) DEFERRABLE INITIALLY DEFERRED;


--
-- Name: djangocms_alias_alias djangocms_alias_alias_site_id_d4e42897_fk_django_site_id; Type: FK CONSTRAINT; Schema: public; Owner: postgres
--

ALTER TABLE ONLY public.djangocms_alias_alias
    ADD CONSTRAINT djangocms_alias_alias_site_id_d4e42897_fk_django_site_id FOREIGN KEY (site_id) REFERENCES public.django_site(id) DEFERRABLE INITIALLY DEFERRED;


--
-- Name: djangocms_alias_category_translation djangocms_alias_cate_master_id_65c3ac44_fk_djangocms; Type: FK CONSTRAINT; Schema: public; Owner: postgres
--

ALTER TABLE ONLY public.djangocms_alias_category_translation
    ADD CONSTRAINT djangocms_alias_cate_master_id_65c3ac44_fk_djangocms FOREIGN KEY (master_id) REFERENCES public.djangocms_alias_category(id) DEFERRABLE INITIALLY DEFERRED;


--
-- Name: djangocms_frontend_frontenduiitem djangocms_frontend_f_cmsplugin_ptr_id_a4d6212e_fk_cms_cmspl; Type: FK CONSTRAINT; Schema: public; Owner: postgres
--

ALTER TABLE ONLY public.djangocms_frontend_frontenduiitem
    ADD CONSTRAINT djangocms_frontend_f_cmsplugin_ptr_id_a4d6212e_fk_cms_cmspl FOREIGN KEY (cmsplugin_ptr_id) REFERENCES public.cms_cmsplugin(id) DEFERRABLE INITIALLY DEFERRED;


--
-- Name: djangocms_text_ckeditor_text djangocms_text_ckedi_cmsplugin_ptr_id_946882c1_fk_cms_cmspl; Type: FK CONSTRAINT; Schema: public; Owner: postgres
--

ALTER TABLE ONLY public.djangocms_text_ckeditor_text
    ADD CONSTRAINT djangocms_text_ckedi_cmsplugin_ptr_id_946882c1_fk_cms_cmspl FOREIGN KEY (cmsplugin_ptr_id) REFERENCES public.cms_cmsplugin(id) DEFERRABLE INITIALLY DEFERRED;


--
-- Name: djangocms_versioning_version djangocms_versioning_content_type_id_04f95e7d_fk_django_co; Type: FK CONSTRAINT; Schema: public; Owner: postgres
--

ALTER TABLE ONLY public.djangocms_versioning_version
    ADD CONSTRAINT djangocms_versioning_content_type_id_04f95e7d_fk_django_co FOREIGN KEY (content_type_id) REFERENCES public.django_content_type(id) DEFERRABLE INITIALLY DEFERRED;


--
-- Name: djangocms_versioning_version djangocms_versioning_created_by_id_0a7b7c9d_fk_auth_user; Type: FK CONSTRAINT; Schema: public; Owner: postgres
--

ALTER TABLE ONLY public.djangocms_versioning_version
    ADD CONSTRAINT djangocms_versioning_created_by_id_0a7b7c9d_fk_auth_user FOREIGN KEY (created_by_id) REFERENCES public.auth_user(id) DEFERRABLE INITIALLY DEFERRED;


--
-- Name: djangocms_versioning_version djangocms_versioning_locked_by_id_87332f7c_fk_auth_user; Type: FK CONSTRAINT; Schema: public; Owner: postgres
--

ALTER TABLE ONLY public.djangocms_versioning_version
    ADD CONSTRAINT djangocms_versioning_locked_by_id_87332f7c_fk_auth_user FOREIGN KEY (locked_by_id) REFERENCES public.auth_user(id) DEFERRABLE INITIALLY DEFERRED;


--
-- Name: djangocms_versioning_version djangocms_versioning_source_id_d0664b18_fk_djangocms; Type: FK CONSTRAINT; Schema: public; Owner: postgres
--

ALTER TABLE ONLY public.djangocms_versioning_version
    ADD CONSTRAINT djangocms_versioning_source_id_d0664b18_fk_djangocms FOREIGN KEY (source_id) REFERENCES public.djangocms_versioning_version(id) DEFERRABLE INITIALLY DEFERRED;


--
-- Name: djangocms_versioning_statetracking djangocms_versioning_user_id_93cc4ccb_fk_auth_user; Type: FK CONSTRAINT; Schema: public; Owner: postgres
--

ALTER TABLE ONLY public.djangocms_versioning_statetracking
    ADD CONSTRAINT djangocms_versioning_user_id_93cc4ccb_fk_auth_user FOREIGN KEY (user_id) REFERENCES public.auth_user(id) DEFERRABLE INITIALLY DEFERRED;


--
-- Name: djangocms_versioning_statetracking djangocms_versioning_version_id_bda1e5ca_fk_djangocms; Type: FK CONSTRAINT; Schema: public; Owner: postgres
--

ALTER TABLE ONLY public.djangocms_versioning_statetracking
    ADD CONSTRAINT djangocms_versioning_version_id_bda1e5ca_fk_djangocms FOREIGN KEY (version_id) REFERENCES public.djangocms_versioning_version(id) DEFERRABLE INITIALLY DEFERRED;


--
-- Name: easy_thumbnails_thumbnail easy_thumbnails_thum_source_id_5b57bc77_fk_easy_thum; Type: FK CONSTRAINT; Schema: public; Owner: postgres
--

ALTER TABLE ONLY public.easy_thumbnails_thumbnail
    ADD CONSTRAINT easy_thumbnails_thum_source_id_5b57bc77_fk_easy_thum FOREIGN KEY (source_id) REFERENCES public.easy_thumbnails_source(id) DEFERRABLE INITIALLY DEFERRED;


--
-- Name: easy_thumbnails_thumbnaildimensions easy_thumbnails_thum_thumbnail_id_c3a0c549_fk_easy_thum; Type: FK CONSTRAINT; Schema: public; Owner: postgres
--

ALTER TABLE ONLY public.easy_thumbnails_thumbnaildimensions
    ADD CONSTRAINT easy_thumbnails_thum_thumbnail_id_c3a0c549_fk_easy_thum FOREIGN KEY (thumbnail_id) REFERENCES public.easy_thumbnails_thumbnail(id) DEFERRABLE INITIALLY DEFERRED;


--
-- Name: filer_clipboard filer_clipboard_user_id_b52ff0bc_fk_auth_user_id; Type: FK CONSTRAINT; Schema: public; Owner: postgres
--

ALTER TABLE ONLY public.filer_clipboard
    ADD CONSTRAINT filer_clipboard_user_id_b52ff0bc_fk_auth_user_id FOREIGN KEY (user_id) REFERENCES public.auth_user(id) DEFERRABLE INITIALLY DEFERRED;


--
-- Name: filer_clipboarditem filer_clipboarditem_clipboard_id_7a76518b_fk_filer_clipboard_id; Type: FK CONSTRAINT; Schema: public; Owner: postgres
--

ALTER TABLE ONLY public.filer_clipboarditem
    ADD CONSTRAINT filer_clipboarditem_clipboard_id_7a76518b_fk_filer_clipboard_id FOREIGN KEY (clipboard_id) REFERENCES public.filer_clipboard(id) DEFERRABLE INITIALLY DEFERRED;


--
-- Name: filer_clipboarditem filer_clipboarditem_file_id_06196f80_fk_filer_file_id; Type: FK CONSTRAINT; Schema: public; Owner: postgres
--

ALTER TABLE ONLY public.filer_clipboarditem
    ADD CONSTRAINT filer_clipboarditem_file_id_06196f80_fk_filer_file_id FOREIGN KEY (file_id) REFERENCES public.filer_file(id) DEFERRABLE INITIALLY DEFERRED;


--
-- Name: filer_file filer_file_folder_id_af803bbb_fk_filer_folder_id; Type: FK CONSTRAINT; Schema: public; Owner: postgres
--

ALTER TABLE ONLY public.filer_file
    ADD CONSTRAINT filer_file_folder_id_af803bbb_fk_filer_folder_id FOREIGN KEY (folder_id) REFERENCES public.filer_folder(id) DEFERRABLE INITIALLY DEFERRED;


--
-- Name: filer_file filer_file_owner_id_b9e32671_fk_auth_user_id; Type: FK CONSTRAINT; Schema: public; Owner: postgres
--

ALTER TABLE ONLY public.filer_file
    ADD CONSTRAINT filer_file_owner_id_b9e32671_fk_auth_user_id FOREIGN KEY (owner_id) REFERENCES public.auth_user(id) DEFERRABLE INITIALLY DEFERRED;


--
-- Name: filer_file filer_file_polymorphic_ctype_id_f44903c1_fk_django_co; Type: FK CONSTRAINT; Schema: public; Owner: postgres
--

ALTER TABLE ONLY public.filer_file
    ADD CONSTRAINT filer_file_polymorphic_ctype_id_f44903c1_fk_django_co FOREIGN KEY (polymorphic_ctype_id) REFERENCES public.django_content_type(id) DEFERRABLE INITIALLY DEFERRED;


--
-- Name: filer_folder filer_folder_owner_id_be530fb4_fk_auth_user_id; Type: FK CONSTRAINT; Schema: public; Owner: postgres
--

ALTER TABLE ONLY public.filer_folder
    ADD CONSTRAINT filer_folder_owner_id_be530fb4_fk_auth_user_id FOREIGN KEY (owner_id) REFERENCES public.auth_user(id) DEFERRABLE INITIALLY DEFERRED;


--
-- Name: filer_folder filer_folder_parent_id_308aecda_fk_filer_folder_id; Type: FK CONSTRAINT; Schema: public; Owner: postgres
--

ALTER TABLE ONLY public.filer_folder
    ADD CONSTRAINT filer_folder_parent_id_308aecda_fk_filer_folder_id FOREIGN KEY (parent_id) REFERENCES public.filer_folder(id) DEFERRABLE INITIALLY DEFERRED;


--
-- Name: filer_folderpermission filer_folderpermission_folder_id_5d02f1da_fk_filer_folder_id; Type: FK CONSTRAINT; Schema: public; Owner: postgres
--

ALTER TABLE ONLY public.filer_folderpermission
    ADD CONSTRAINT filer_folderpermission_folder_id_5d02f1da_fk_filer_folder_id FOREIGN KEY (folder_id) REFERENCES public.filer_folder(id) DEFERRABLE INITIALLY DEFERRED;


--
-- Name: filer_folderpermission filer_folderpermission_group_id_8901bafa_fk_auth_group_id; Type: FK CONSTRAINT; Schema: public; Owner: postgres
--

ALTER TABLE ONLY public.filer_folderpermission
    ADD CONSTRAINT filer_folderpermission_group_id_8901bafa_fk_auth_group_id FOREIGN KEY (group_id) REFERENCES public.auth_group(id) DEFERRABLE INITIALLY DEFERRED;


--
-- Name: filer_folderpermission filer_folderpermission_user_id_7673d4b6_fk_auth_user_id; Type: FK CONSTRAINT; Schema: public; Owner: postgres
--

ALTER TABLE ONLY public.filer_folderpermission
    ADD CONSTRAINT filer_folderpermission_user_id_7673d4b6_fk_auth_user_id FOREIGN KEY (user_id) REFERENCES public.auth_user(id) DEFERRABLE INITIALLY DEFERRED;


--
-- Name: filer_image filer_image_file_ptr_id_3e21d4f0_fk_filer_file_id; Type: FK CONSTRAINT; Schema: public; Owner: postgres
--

ALTER TABLE ONLY public.filer_image
    ADD CONSTRAINT filer_image_file_ptr_id_3e21d4f0_fk_filer_file_id FOREIGN KEY (file_ptr_id) REFERENCES public.filer_file(id) DEFERRABLE INITIALLY DEFERRED;


--
-- Name: portfolio_tag portfolio_tag_project_id_ad26889a_fk_portfolio_project_id; Type: FK CONSTRAINT; Schema: public; Owner: postgres
--

ALTER TABLE ONLY public.portfolio_tag
    ADD CONSTRAINT portfolio_tag_project_id_ad26889a_fk_portfolio_project_id FOREIGN KEY (project_id) REFERENCES public.portfolio_project(id) DEFERRABLE INITIALLY DEFERRED;


--
-- Name: portfolio_tag portfolio_tag_tag_id_61dbb816_fk_portfolio_tagname_id; Type: FK CONSTRAINT; Schema: public; Owner: postgres
--

ALTER TABLE ONLY public.portfolio_tag
    ADD CONSTRAINT portfolio_tag_tag_id_61dbb816_fk_portfolio_tagname_id FOREIGN KEY (tag_id) REFERENCES public.portfolio_tagname(id) DEFERRABLE INITIALLY DEFERRED;


--
-- PostgreSQL database dump complete
--

